order_id,supplier_id,product_id,orderdate,quantityordered
1,101,1,2025-01-15,10
2,102,2,2025-01-20,12
3,103,3,2025-02-01,8
4,101,4,2025-02-05,5
5,104,5,2025-01-18,15
6,102,6,2025-01-22,6
7,103,7,2025-02-07,10
8,104,8,2025-01-30,7
9,101,9,2025-02-02,8
10,102,10,2025-02-04,10
11,103,11,2025-02-06,12
12,104,12,2025-02-08,11
24154,1033589,115700,2024-02-13,128524
127400,1048208,11459,2024-02-13,52931
74509,1041160,45924,2024-02-13,127960
26813,1048024,29452,2024-02-13,64937
63746,1033057,75079,2024-02-13,81624
47574,1034005,113315,2024-02-13,124684
15571,1028197,68525,2024-02-13,102436
102699,1013041,12770,2024-02-13,51409
119687,1022630,52930,2024-02-13,101110
15254,1026487,125554,2024-02-13,83778
77758,1016532,106533,2024-02-13,57824
79641,1039116,49455,2024-02-13,123039
18036,1043058,11152,2024-02-13,155324
114269,1028993,27381,2024-02-13,81975
59835,1013528,78469,2024-02-13,63707
108971,1038658,103055,2024-02-13,62878
75353,1011550,54835,2024-02-13,122835
29164,1014586,18977,2024-02-13,77942
39316,1039183,28700,2024-02-13,102687
46891,1044239,72878,2024-02-13,154781
21552,1044909,97962,2024-02-13,88900
17774,1046859,92582,2024-02-13,152084
22347,1026919,34802,2024-02-13,126727
35701,1022416,24852,2024-02-13,84341
127041,1035240,87136,2024-02-13,55955
99508,1023104,34696,2024-02-13,156525
36868,1012495,88532,2024-02-13,104076
69921,1012538,67119,2024-02-13,124744
53456,1048973,51123,2024-02-13,103053
53295,1018863,65964,2024-02-13,122810
54074,1045460,86355,2024-02-13,86888
106353,1027160,65113,2024-02-13,85189
25401,1012684,106010,2024-02-13,86877
91749,1044679,129477,2024-02-13,109770
79206,1042222,36718,2024-02-13,78685
76846,1025361,93426,2024-02-13,108721
53065,1044361,89856,2024-02-13,113637
17669,1033424,78939,2024-02-13,104222
11606,1049480,101257,2024-02-13,58277
106307,1042828,85263,2024-02-13,102865
38781,1036603,99825,2024-02-13,121513
79041,1037926,46448,2024-02-13,109434
26843,1027620,68280,2024-02-13,127660
32759,1022057,25244,2024-02-13,124827
45665,1024276,57167,2024-02-13,124312
62412,1037549,16439,2024-02-13,73474
105433,1036196,89446,2024-02-13,82412
18247,1049224,91948,2024-02-13,122286
119778,1046770,128341,2024-02-13,111897
122431,1046155,34809,2024-02-13,152506
78279,1033473,99755,2024-02-13,157003
71194,1012217,81444,2024-02-13,53185
83577,1039984,56483,2024-02-13,105722
52977,1038429,99260,2024-02-13,82557
108070,1041984,55087,2024-02-13,55418
69788,1039584,65747,2024-02-13,122087
27167,1042011,33788,2024-02-13,58374
118075,1047512,79084,2024-02-13,61857
83752,1012613,103671,2024-02-13,126343
39034,1029757,118872,2024-02-13,118598
104900,1016984,84647,2024-02-13,105722
14918,1046643,48615,2024-02-13,155376
67600,1015833,21661,2024-02-13,106832
79292,1017022,85001,2024-02-13,57709
48945,1044023,67173,2024-02-13,128637
89022,1048553,52623,2024-02-13,155166
48911,1012968,29085,2024-02-13,124425
58543,1022627,13996,2024-02-13,111155
16912,1027461,56176,2024-02-13,113508
55068,1028459,67836,2024-02-13,89304
102611,1038762,104158,2024-02-13,108384
118881,1048212,86393,2024-02-13,102146
15070,1036460,106189,2024-02-13,102891
16193,1017721,64770,2024-02-13,117112
129984,1046061,39307,2024-02-13,105540
14712,1046706,61358,2024-02-13,159918
89661,1043460,69186,2024-02-13,63824
118498,1013711,45233,2024-02-13,109985
46664,1026984,78306,2024-02-13,121640
96492,1012543,88588,2024-02-13,104052
118313,1031614,24654,2024-02-13,129207
85785,1039364,91877,2024-02-13,73653
74566,1024905,98452,2024-02-13,53917
95986,1042669,84384,2024-02-13,82237
113616,1022880,37503,2024-02-13,101868
118587,1017215,96491,2024-02-13,157610
57326,1042464,66645,2024-02-13,62089
46383,1035756,77794,2024-02-13,81558
81974,1022163,46365,2024-02-13,127136
84086,1044084,105940,2024-02-13,128524
84982,1042105,99064,2024-02-13,152249
24737,1033034,112308,2024-02-13,113836
57912,1045424,14730,2024-02-13,154250
41749,1034805,38748,2024-02-13,101189
115415,1035908,118951,2024-02-13,151758
42525,1048826,32766,2024-02-13,112725
65580,1022213,116764,2024-02-13,81303
83189,1015996,73082,2024-02-13,108312
34392,1041981,31441,2024-02-13,105923
34329,1011734,72988,2024-02-13,52787
19773,1018717,51163,2024-02-13,124155
65631,1015262,11543,2024-02-13,151394
76321,1011306,112593,2024-02-13,83811
59305,1019070,27756,2024-02-13,71676
92756,1046113,99412,2024-02-13,121563
62256,1027350,79302,2024-02-13,103457
102285,1034964,128809,2024-02-13,123867
107454,1029447,88310,2024-02-13,112085
116366,1043648,65073,2024-02-13,109290
122272,1044818,108955,2024-02-13,54327
111432,1012825,115040,2024-02-13,156739
25543,1037322,106039,2024-02-13,57552
117186,1039189,65360,2024-02-13,113795
43764,1043763,93133,2024-02-13,122018
92825,1046125,45316,2024-02-13,122962
37704,1015721,67159,2024-02-13,109629
85171,1033117,46178,2024-02-13,75051
57424,1025892,63279,2024-02-13,121725
21495,1028403,54203,2024-02-13,78577
97349,1029591,42179,2024-02-13,118365
82746,1022550,31348,2024-02-13,89183
84821,1011844,49852,2024-02-13,75598
52809,1024122,14310,2024-02-13,101692
24983,1016433,94655,2024-02-13,107985
67990,1019356,61217,2024-02-13,156724
122950,1022642,76017,2024-02-13,87479
24041,1035489,87089,2024-02-13,102088
11654,1013066,59094,2024-02-13,157178
43312,1037065,33714,2024-02-13,55942
13548,1025666,46978,2024-02-13,81992
63207,1024596,121723,2024-02-13,84543
47697,1022020,96581,2024-02-13,102038
91285,1047363,24941,2024-02-13,108988
35642,1041109,94899,2024-02-13,103868
19205,1038578,47818,2024-02-13,124678
41356,1043932,86043,2024-02-13,125400
28062,1041162,114659,2024-02-13,108846
89730,1035829,22300,2024-02-13,83775
58196,1012086,99766,2024-02-13,65885
37848,1038269,62957,2024-02-13,128137
13448,1021149,42946,2024-02-13,118459
109664,1038076,24692,2024-02-13,115771
15806,1013630,39395,2024-02-13,86640
109054,1027188,25104,2024-02-13,156663
61442,1022573,63011,2024-02-13,81314
46708,1028719,85149,2024-02-13,122661
13803,1036702,128116,2024-02-13,105471
48457,1028810,24719,2024-02-13,74991
88285,1015851,83574,2024-02-13,122238
129541,1039482,33998,2024-02-13,105248
54650,1038096,27273,2024-02-13,126532
23937,1038024,35884,2024-02-13,121649
64339,1047723,24299,2024-02-13,154040
124868,1017841,55922,2024-02-13,121782
69438,1049584,41968,2024-02-13,103579
59487,1046665,73440,2024-02-13,108214
14654,1037866,63339,2024-02-13,82881
78434,1028544,72898,2024-02-13,129177
53291,1032738,15789,2024-02-13,153942
107186,1028564,17735,2024-02-13,54172
93238,1017480,119027,2024-02-13,152039
65584,1042416,128638,2024-02-13,103100
75379,1033699,13631,2024-02-13,104146
103485,1018979,64398,2024-02-13,123375
75338,1041375,113454,2024-02-13,127716
129591,1047229,35564,2024-02-13,103371
125489,1014497,116275,2024-02-13,53867
14318,1021406,63344,2024-02-13,87600
66706,1049172,13198,2024-02-13,76732
105830,1048275,28041,2024-02-13,104673
108612,1043588,28844,2024-02-13,102841
124567,1039826,34456,2024-02-13,63461
102216,1028805,49250,2024-02-13,56461
73095,1047655,115614,2024-02-13,124880
45627,1038524,38182,2024-02-13,103115
59858,1041073,93333,2024-02-13,124772
34375,1028214,116987,2024-02-13,124348
32383,1045473,49313,2024-02-13,54826
97023,1042435,12680,2024-02-13,103783
85604,1047003,86512,2024-02-13,159545
18677,1021430,63960,2024-02-13,58579
87417,1044344,53175,2024-02-13,72247
94594,1026022,121636,2024-02-13,102184
54128,1031895,77863,2024-02-13,69413
66714,1035723,114481,2024-02-13,85443
105528,1034920,31779,2024-02-13,125948
86129,1022014,21260,2024-02-13,104029
95901,1031354,75696,2024-02-13,119901
112600,1045965,87388,2024-02-13,89412
65246,1034596,92230,2024-02-13,108954
65764,1042056,93945,2024-02-13,118913
21169,1041847,106659,2024-02-13,83396
81536,1047426,103620,2024-02-13,88768
76198,1023880,95359,2024-02-13,73062
39407,1021486,47388,2024-02-13,65436
23872,1034342,81824,2024-02-13,111462
21707,1019346,109693,2024-02-13,85554
97188,1048461,48001,2024-02-13,122474
121875,1011170,127781,2024-02-13,158615
37721,1018883,43807,2024-02-13,63206
72835,1016482,114100,2024-02-13,114240
88343,1043631,35857,2024-02-13,53724
102897,1027276,113617,2024-02-13,88214
122407,1041694,86007,2024-02-13,73086
116269,1032408,47590,2024-02-13,109162
125873,1012427,12037,2024-02-13,73259
84995,1019590,57327,2024-02-13,67759
29682,1027430,75278,2024-02-13,102981
42180,1017165,72153,2024-02-13,72864
114426,1038802,44613,2024-02-13,126870
52355,1034125,66693,2024-02-13,76263
119477,1025796,43570,2024-02-13,112872
24107,1014174,128702,2024-02-13,125992
61924,1012441,48210,2024-02-13,59108
61007,1015331,16266,2024-02-13,106220
11873,1042726,114821,2024-02-13,106357
64450,1017989,79305,2024-02-13,104415
79246,1026716,56962,2024-02-13,107525
58053,1028834,96682,2024-02-13,102692
74182,1029275,122999,2024-02-13,89835
68012,1045428,113065,2024-02-13,102754
91832,1021269,53738,2024-02-13,128688
58182,1011225,82008,2024-02-13,88787
57876,1019284,94700,2024-02-13,109312
55384,1022625,66907,2024-02-13,55778
79431,1044140,12453,2024-02-13,103943
81517,1035805,76964,2024-02-13,101970
57567,1039585,122718,2024-02-13,87939
109679,1032334,86292,2024-02-13,109637
85625,1034531,56421,2024-02-13,156826
117166,1015272,67399,2024-02-13,65502
77734,1039503,111833,2024-02-13,117232
78801,1045896,82505,2024-02-13,54152
15856,1033436,11412,2024-02-13,114979
44775,1028965,17714,2024-02-13,59375
73128,1044461,111520,2024-02-13,108369
13796,1012393,125210,2024-02-13,129869
13725,1048501,13773,2024-02-13,106672
18605,1021218,121677,2024-02-13,107327
129135,1045786,34427,2024-02-13,108792
94924,1021796,33893,2024-02-13,109428
65261,1011198,31882,2024-02-13,68716
49038,1032822,39019,2024-02-13,108846
11870,1036762,14034,2024-02-13,115024
39867,1041230,37094,2024-02-13,125206
35140,1045089,25074,2024-02-13,126599
14712,1041392,33120,2024-02-13,101240
81654,1034377,52727,2024-02-13,153004
22377,1042751,18432,2024-02-13,123752
48942,1032869,89613,2024-02-13,58120
33487,1035223,92889,2024-02-13,81235
12370,1039827,73207,2024-02-13,126342
92532,1039796,18858,2024-02-13,103178
106401,1025393,51064,2024-02-13,65140
76165,1043162,47205,2024-02-13,103356
68171,1042147,55084,2024-02-13,123780
25165,1018923,38606,2024-02-13,108164
39153,1012768,21596,2024-02-13,105878
32114,1019749,54399,2024-02-13,71774
98923,1041096,104582,2024-02-13,104188
19734,1048381,52512,2024-02-13,117232
121219,1018653,45376,2024-02-13,124753
75323,1036718,67690,2024-02-13,79073
42546,1033104,95287,2024-02-13,101730
51709,1032558,109142,2024-02-13,87882
94835,1049214,14965,2024-02-13,121985
66158,1017073,35574,2024-02-13,86915
58756,1049250,36394,2024-02-13,64746
21960,1033294,75912,2024-02-13,159253
57399,1041196,113841,2024-02-13,108752
124771,1034993,92955,2024-02-13,125522
123053,1031438,111986,2024-02-13,154615
21884,1016793,45879,2024-02-13,88954
39238,1036897,57262,2024-02-13,124223
49740,1043937,123119,2024-02-13,78782
13728,1031583,35547,2024-02-13,125695
63185,1022933,69516,2024-02-13,101577
28876,1043321,56967,2024-02-13,53850
25001,1037127,43153,2024-02-13,106242
79300,1023571,46301,2024-02-13,56449
29294,1017505,106880,2024-02-13,127084
17557,1026568,62697,2024-02-13,104105
99396,1037811,122502,2024-02-13,109120
125219,1039321,76247,2024-02-13,79935
116534,1044754,95865,2024-02-13,82709
105522,1011961,17535,2024-02-13,106598
123706,1048651,121529,2024-02-13,72931
104388,1039896,96584,2024-02-13,103159
61795,1041931,71013,2024-02-13,107982
55595,1022584,43791,2024-02-13,74651
107491,1032991,129600,2024-02-13,87268
109306,1042732,96012,2024-02-13,58666
17866,1047531,128635,2024-02-13,101545
101095,1015457,17752,2024-02-13,77616
47134,1037184,73604,2024-02-13,109465
93892,1015790,102164,2024-02-13,59381
49415,1012535,63787,2024-02-13,58831
53346,1027030,58278,2024-02-13,158052
92077,1022541,57527,2024-02-13,84860
45154,1016250,102279,2024-02-13,127113
81809,1028536,97844,2024-02-13,77664
125818,1011596,54895,2024-02-13,109896
18445,1019234,41221,2024-02-13,129722
103739,1027446,43199,2024-02-13,104009
66677,1011819,122826,2024-02-13,122004
95667,1013081,97303,2024-02-13,111172
65588,1019503,55511,2024-02-13,105638
118287,1017691,74943,2024-02-13,88812
79964,1037456,34469,2024-02-13,86214
56701,1015152,55430,2024-02-13,125290
103829,1044690,116848,2024-02-13,111265
63069,1049159,49348,2024-02-13,105946
58331,1029841,95291,2024-02-13,127072
31338,1038388,128844,2024-02-13,158798
114315,1042299,55962,2024-02-13,75239
94114,1043776,53321,2024-02-13,83904
109351,1018595,72277,2024-02-13,106706
96961,1023419,18627,2024-02-13,77024
95953,1015156,23358,2024-02-13,76655
23415,1023722,92325,2024-02-13,81471
55622,1032863,15308,2024-02-13,104554
118451,1029809,92949,2024-02-13,122689
125263,1016669,84216,2024-02-13,127484
51357,1033786,84608,2024-02-13,81804
106744,1022138,33189,2024-02-13,56223
104162,1046878,119724,2024-02-13,122783
113413,1025780,45691,2024-02-13,114495
45007,1015647,112119,2024-02-13,59895
65491,1026029,73636,2024-02-13,82974
127623,1038666,27130,2024-02-13,56581
94567,1049190,86780,2024-02-13,109135
47171,1032638,88889,2024-02-13,75502
102952,1042065,105101,2024-02-13,89890
118852,1046651,116715,2024-02-13,57635
31132,1014605,53318,2024-02-13,81735
54292,1013644,64366,2024-02-13,124581
76616,1039014,96135,2024-02-13,122136
55751,1011849,56505,2024-02-13,101647
67957,1017387,23800,2024-02-13,104867
62237,1037803,102206,2024-02-13,102700
65824,1017659,103924,2024-02-13,113369
42937,1014002,28671,2024-02-13,104150
29942,1037693,73995,2024-02-13,109073
48712,1017430,38621,2024-02-13,128273
123812,1045038,77315,2024-02-13,104105
19961,1023568,88406,2024-02-13,86997
39184,1021534,101039,2024-02-13,85040
29800,1025958,101481,2024-02-13,53259
129484,1047892,11119,2024-02-13,83757
77868,1019142,47865,2024-02-13,58832
128453,1031709,128983,2024-02-13,102405
86390,1018998,78276,2024-02-13,121871
13353,1038112,126353,2024-02-13,89528
113626,1025290,37624,2024-02-13,82016
73474,1034517,29101,2024-02-13,101584
53736,1047666,23095,2024-02-13,155033
117582,1022928,23822,2024-02-13,115006
111127,1033544,104652,2024-02-13,129612
14895,1016585,121765,2024-02-13,119532
43780,1036478,104969,2024-02-13,87787
101343,1018565,67119,2024-02-13,116083
112672,1026698,105706,2024-02-13,106859
21902,1019677,106556,2024-02-13,101104
35676,1039783,92410,2024-02-13,57296
66018,1032906,85745,2024-02-13,101263
34738,1049755,93255,2024-02-13,109999
46292,1041449,79163,2024-02-13,51041
114433,1045175,89341,2024-02-13,87265
86725,1048696,35542,2024-02-13,113410
15320,1029323,105812,2024-02-13,125996
82618,1049126,79110,2024-02-13,128064
69532,1028299,79983,2024-02-13,89885
63306,1042115,66785,2024-02-13,128148
38184,1047284,42180,2024-02-13,77572
52174,1021316,47449,2024-02-13,127599
56742,1032614,52380,2024-02-13,86055
38027,1031441,78489,2024-02-13,103116
127664,1028961,58205,2024-02-13,103797
113482,1039401,47721,2024-02-13,63361
107074,1036745,33647,2024-02-13,104844
24876,1022141,54939,2024-02-13,67517
99621,1044522,74424,2024-02-13,153963
92636,1049331,59974,2024-02-13,63188
109592,1014853,87990,2024-02-13,87927
13691,1048647,44958,2024-02-13,123242
121833,1028812,57313,2024-02-13,108681
36581,1047363,125632,2024-02-13,81647
98520,1031610,94955,2024-02-13,59934
74288,1025061,54143,2024-02-13,128733
14368,1036161,45780,2024-02-13,82333
66226,1032327,83621,2024-02-13,103426
47678,1013070,122777,2024-02-13,128449
23475,1017198,35599,2024-02-13,87168
16740,1045304,93698,2024-02-13,61133
65116,1011515,102045,2024-02-13,108393
105445,1027609,79613,2024-02-13,87579
76306,1048907,15957,2024-02-13,106303
52611,1014713,41210,2024-02-13,105858
34240,1037323,129059,2024-02-13,107237
38559,1036940,24243,2024-02-13,122007
38254,1039561,17756,2024-02-13,55035
98494,1036889,94596,2024-02-13,59056
46436,1042307,23178,2024-02-13,156050
46467,1011348,39340,2024-02-13,61269
115254,1036219,87551,2024-02-13,75296
92388,1012667,105955,2024-02-13,122990
101653,1025796,21534,2024-02-13,84958
78306,1017459,124133,2024-02-13,87608
44249,1044788,15522,2024-02-13,104893
127646,1019454,61010,2024-02-13,129241
75217,1012078,125871,2024-02-13,129852
82587,1039583,85102,2024-02-13,123602
24950,1024150,102917,2024-02-13,128278
64372,1049813,102589,2024-02-13,151225
101386,1036583,93541,2024-02-13,111622
123577,1042956,91580,2024-02-13,113612
36755,1039993,12278,2024-02-13,129025
56876,1045523,69153,2024-02-13,73650
81316,1049904,55137,2024-02-13,108285
93207,1033197,57108,2024-02-13,155630
51336,1048861,38897,2024-02-13,66271
68761,1044548,62703,2024-02-13,76037
48498,1027639,99504,2024-02-13,119362
32967,1018596,35693,2024-02-13,103697
41031,1023365,64915,2024-02-13,152074
99620,1041550,124187,2024-02-13,58419
12726,1018436,103614,2024-02-13,81968
128383,1023432,93525,2024-02-13,125033
32482,1044666,24731,2024-02-13,155639
127905,1015039,45929,2024-02-13,128343
45079,1042892,16924,2024-02-13,118465
103177,1037525,105370,2024-02-13,73588
44843,1033660,77762,2024-02-13,72885
12183,1017912,53449,2024-02-13,78349
116170,1027550,77897,2024-02-13,126361
89013,1037585,89319,2024-02-13,86491
59223,1011888,113248,2024-02-13,102569
122287,1027392,81575,2024-02-13,101737
111695,1043120,122931,2024-02-13,102984
112213,1025197,52180,2024-02-13,83815
114972,1046093,101437,2024-02-13,116311
36454,1039053,34740,2024-02-13,116042
35390,1026571,72536,2024-02-13,109756
101628,1031095,17393,2024-02-13,104564
51080,1035178,85390,2024-02-13,124186
34238,1049818,87865,2024-02-13,107703
59166,1026353,48970,2024-02-13,113134
96095,1015759,103638,2024-02-13,116812
114331,1037954,117587,2024-02-13,126269
19237,1025649,116519,2024-02-13,88605
129781,1038804,127884,2024-02-13,103180
123130,1027034,84609,2024-02-13,159525
66048,1019785,112301,2024-02-13,103123
54306,1048859,102286,2024-02-13,85621
63221,1033056,29566,2024-02-13,122809
118036,1034619,35090,2024-02-13,56581
87388,1044619,69019,2024-02-13,108686
18585,1026095,128639,2024-02-13,156609
61881,1028276,88184,2024-02-13,119037
72705,1046624,49633,2024-02-13,56279
36491,1021254,47774,2024-02-13,57383
53738,1017710,32172,2024-02-13,68965
102782,1041668,38103,2024-02-13,108692
29347,1022066,19858,2024-02-13,154133
47860,1028323,22276,2024-02-13,126738
28039,1046142,16715,2024-02-13,78371
63638,1027432,129421,2024-02-13,117812
69491,1011955,117218,2024-02-13,82286
77382,1044574,11638,2024-02-13,108062
48299,1033649,16123,2024-02-13,128953
21063,1033329,37555,2024-02-13,68475
72091,1019925,127176,2024-02-13,65875
82529,1026661,17622,2024-02-13,64865
24620,1047787,28320,2024-02-13,66934
22816,1049235,12252,2024-02-13,115776
44116,1029978,11478,2024-02-13,119205
41510,1049008,72935,2024-02-13,112555
76476,1011793,26195,2024-02-13,78922
43448,1046278,36372,2024-02-13,107179
41622,1034140,69015,2024-02-13,102120
55640,1043126,18591,2024-02-13,155070
35905,1013837,125817,2024-02-13,121485
129792,1029899,86562,2024-02-13,126659
112419,1043443,107027,2024-02-13,122299
114660,1011719,25990,2024-02-13,105275
83872,1035152,107045,2024-02-13,117262
65550,1041056,111446,2024-02-13,125412
113130,1044424,129588,2024-02-13,106692
29255,1013472,116141,2024-02-13,106053
127034,1021132,112498,2024-02-13,124676
23089,1011749,121837,2024-02-13,109771
81011,1027845,41520,2024-02-13,111590
44509,1033807,103964,2024-02-13,86341
127208,1028207,11339,2024-02-13,118214
85389,1035481,36685,2024-02-13,108699
95734,1022437,121624,2024-02-13,152904
15590,1046990,24662,2024-02-13,72769
124713,1013620,74410,2024-02-13,129903
42401,1022120,71498,2024-02-13,75506
45831,1013869,66376,2024-02-13,104657
99251,1019321,104225,2024-02-13,87430
19537,1022823,126146,2024-02-13,104788
38178,1046777,11282,2024-02-13,118163
58982,1024198,13458,2024-02-13,104097
114492,1034876,21171,2024-02-13,85472
28501,1039368,22428,2024-02-13,129084
101299,1044414,71431,2024-02-13,88383
73028,1025380,34973,2024-02-13,86021
26498,1012397,128553,2024-02-13,74915
128630,1026651,57087,2024-02-13,117553
16414,1042958,45825,2024-02-13,65306
47077,1016615,47756,2024-02-13,108696
42898,1011026,51530,2024-02-13,153916
54409,1024100,114600,2024-02-13,104787
48626,1033742,85493,2024-02-13,106076
48688,1011398,101964,2024-02-13,65858
45048,1034363,116052,2024-02-13,108784
113242,1034885,33302,2024-02-13,86546
81001,1013152,12981,2024-02-13,81655
37649,1012579,102143,2024-02-13,54457
89287,1039897,16878,2024-02-13,102328
34424,1049730,109091,2024-02-13,78959
61032,1011405,78492,2024-02-13,108470
46811,1037527,73098,2024-02-13,68125
89859,1033876,62074,2024-02-13,114972
15772,1037973,27402,2024-02-13,109368
19991,1012514,14201,2024-02-13,108543
22136,1019722,29193,2024-02-13,122312
125430,1041109,35983,2024-02-13,85581
79362,1027951,18677,2024-02-13,112992
29551,1034039,48501,2024-02-13,75699
25819,1048300,38153,2024-02-13,118150
124911,1047369,83382,2024-02-13,117877
98424,1044939,127508,2024-02-13,71109
43531,1028692,53358,2024-02-13,157369
97623,1016255,109286,2024-02-13,105088
116285,1018248,111965,2024-02-13,78134
27178,1032225,43867,2024-02-13,64666
17344,1034865,81549,2024-02-13,111075
23756,1049087,101185,2024-02-13,101283
107713,1039667,52557,2024-02-13,105676
78418,1049482,89630,2024-02-13,106526
111977,1014268,123197,2024-02-13,89695
113226,1011996,65075,2024-02-13,83413
55579,1016340,41272,2024-02-13,105578
106784,1034954,85745,2024-02-13,129054
105762,1039589,47509,2024-02-13,65572
47313,1045420,77768,2024-02-13,127428
41122,1042539,43569,2024-02-13,58343
103107,1024553,102386,2024-02-13,89941
83487,1026969,51375,2024-02-13,102517
54682,1023157,62084,2024-02-13,102309
51612,1033375,117883,2024-02-13,57005
101849,1044607,19388,2024-02-13,113980
102976,1021629,22789,2024-02-13,71022
23765,1022984,91155,2024-02-13,102770
31494,1023333,97088,2024-02-13,106606
86018,1043557,51579,2024-02-13,69177
16177,1011574,104212,2024-02-13,88916
88878,1034908,123435,2024-02-13,121914
94269,1045468,36351,2024-02-13,75978
103167,1023193,82061,2024-02-13,86991
95732,1031313,42947,2024-02-13,51459
32819,1036581,23240,2024-02-13,61683
112389,1036255,81375,2024-02-13,105725
81857,1048426,47864,2024-02-13,87497
15959,1049203,25200,2024-02-13,85458
129891,1022399,56238,2024-02-13,153974
29979,1014638,125221,2024-02-13,69430
121727,1031986,43811,2024-02-13,104939
37152,1018111,122797,2024-02-13,87409
87559,1011488,85710,2024-02-13,108638
49655,1027388,28578,2024-02-13,158959
74286,1043110,16849,2024-02-13,65648
43460,1037099,126530,2024-02-13,107079
35850,1043436,113963,2024-02-13,117898
75194,1031730,75593,2024-02-13,105774
52006,1028661,59953,2024-02-13,68743
96971,1015398,124140,2024-02-13,102659
67090,1018057,109660,2024-02-13,105754
107801,1046223,19693,2024-02-13,88092
123928,1049393,44347,2024-02-13,72608
21089,1026669,123824,2024-02-13,107885
27767,1018693,125716,2024-02-13,66982
46213,1024658,96154,2024-02-13,88753
15750,1038018,64324,2024-02-13,71739
13913,1046762,108385,2024-02-13,127675
83298,1046135,11902,2024-02-13,114607
126709,1012242,56504,2024-02-13,157749
41443,1026024,18927,2024-02-13,129153
115964,1014551,54166,2024-02-13,85467
71335,1014031,117904,2024-02-13,67528
116744,1037456,11557,2024-02-13,83140
64684,1023569,107415,2024-02-13,55160
17743,1035422,96625,2024-02-13,108134
29770,1018825,77878,2024-02-13,125627
33521,1012282,56519,2024-02-13,125782
98519,1048680,47340,2024-02-13,157176
55029,1047391,97298,2024-02-13,76443
43432,1019606,11329,2024-02-13,83768
35121,1031571,119816,2024-02-13,156850
129927,1036650,13786,2024-02-13,52060
82197,1036529,42545,2024-02-13,125612
26855,1012503,23932,2024-02-13,85338
22992,1033846,85050,2024-02-13,128317
88346,1023531,57936,2024-02-13,115905
102087,1047346,126202,2024-02-13,117063
47411,1037759,81988,2024-02-13,85645
63707,1017418,67060,2024-02-13,64258
32169,1033912,127976,2024-02-13,153564
59685,1036412,98238,2024-02-13,109215
41738,1038518,11721,2024-02-13,76661
37432,1032493,51693,2024-02-13,102233
12912,1015077,91490,2024-02-13,108386
55687,1032590,109454,2024-02-13,107362
81182,1037092,56093,2024-02-13,86998
82368,1036165,71776,2024-02-13,86377
91417,1017770,106357,2024-02-13,53711
129985,1047584,23146,2024-02-13,72740
123146,1048589,62317,2024-02-13,102926
103018,1015229,15559,2024-02-13,118142
86727,1012703,81737,2024-02-13,68248
127508,1031428,18714,2024-02-13,83911
96091,1029950,124910,2024-02-13,101168
85151,1031974,109528,2024-02-13,89637
44197,1012171,115018,2024-02-13,82775
64059,1016403,103129,2024-02-13,125112
117266,1036307,74192,2024-02-13,126305
54313,1019969,84627,2024-02-13,103818
25138,1048422,91977,2024-02-13,83386
126290,1011844,31228,2024-02-13,85539
122200,1023063,123782,2024-02-13,127656
57870,1034138,32998,2024-02-13,103388
67361,1026915,11848,2024-02-13,63368
126028,1016945,66274,2024-02-13,115573
121585,1028304,99580,2024-02-13,86590
19895,1037509,99438,2024-02-13,72036
15700,1015293,42090,2024-02-13,88184
71048,1023184,75948,2024-02-13,106527
61813,1015598,114617,2024-02-13,58561
114539,1029731,72619,2024-02-13,106135
16564,1044889,63488,2024-02-13,58783
84616,1021563,79590,2024-02-13,122722
106082,1012740,63006,2024-02-13,123235
14780,1047007,99268,2024-02-13,113595
15198,1011578,112728,2024-02-13,107783
118785,1044436,104073,2024-02-13,116403
129075,1014718,32821,2024-02-13,107350
111755,1012704,107943,2024-02-13,74172
57266,1015526,91735,2024-02-13,58507
103552,1027698,124191,2024-02-13,111174
53592,1044066,78499,2024-02-13,103409
78716,1038459,95814,2024-02-13,81340
57526,1047532,46512,2024-02-13,104780
96989,1033138,54174,2024-02-13,108875
12154,1035325,31365,2024-02-13,127835
16490,1029796,78340,2024-02-13,111294
88607,1025612,105075,2024-02-13,53630
82265,1019415,71151,2024-02-13,89505
51633,1047426,93988,2024-02-13,103075
118428,1028050,15298,2024-02-13,105275
121744,1027531,31336,2024-02-13,103702
26782,1042143,86406,2024-02-13,72875
44563,1013405,109488,2024-02-13,81820
51713,1041085,34869,2024-02-13,102230
79495,1044395,101661,2024-02-13,53274
32665,1024473,58964,2024-02-13,86463
47631,1034831,23713,2024-02-13,89064
22055,1024659,81758,2024-02-13,82735
33515,1015891,81127,2024-02-13,55831
54884,1016837,103776,2024-02-13,52965
41131,1032709,36116,2024-02-13,52135
106378,1032265,95142,2024-02-13,159170
124734,1031681,19850,2024-02-13,66443
42899,1032298,32293,2024-02-13,104086
86072,1049505,85438,2024-02-13,52151
116006,1038572,104363,2024-02-13,68939
129160,1044292,96103,2024-02-13,106048
124034,1021503,88908,2024-02-13,106683
26404,1048383,99634,2024-02-13,123266
111115,1018735,96669,2024-02-13,69808
64460,1031483,35169,2024-02-13,105064
51917,1018417,123567,2024-02-13,106313
77632,1042399,105898,2024-02-13,103877
94873,1024930,85146,2024-02-13,77105
119904,1042628,47738,2024-02-13,101115
125990,1021277,91495,2024-02-13,129868
24735,1015744,105417,2024-02-13,54287
28630,1049245,65015,2024-02-13,86780
39402,1035058,119383,2024-02-13,155509
107804,1017540,29463,2024-02-13,104900
46654,1048895,37049,2024-02-13,86143
123855,1033272,74261,2024-02-13,122378
48595,1018170,94530,2024-02-13,54286
27814,1024953,108866,2024-02-13,83140
19545,1029859,75064,2024-02-13,106347
71826,1013076,107403,2024-02-13,109879
125309,1043263,112733,2024-02-13,63580
58298,1019947,107566,2024-02-13,87094
43242,1023332,104877,2024-02-13,58890
25990,1033747,29652,2024-02-13,75746
51967,1038428,47709,2024-02-13,65362
24905,1022711,64257,2024-02-13,159353
16333,1017817,129800,2024-02-13,55949
16728,1024985,89768,2024-02-13,55534
58558,1038615,41241,2024-02-13,151748
73209,1044363,98614,2024-02-13,157445
83777,1027796,123307,2024-02-13,57531
78276,1031064,111342,2024-02-13,128654
47935,1025542,93477,2024-02-13,105085
24313,1045194,122697,2024-02-13,74322
18763,1042550,95668,2024-02-13,108480
77061,1032803,77295,2024-02-13,107014
81943,1016949,111661,2024-02-13,84253
107028,1023256,65584,2024-02-13,57650
83258,1019951,119977,2024-02-13,59761
61307,1023760,17589,2024-02-13,102381
81499,1022101,88341,2024-02-13,84115
87798,1038939,18146,2024-02-13,108238
28304,1035355,128839,2024-02-13,124078
107235,1016021,69703,2024-02-13,85573
56020,1023515,64050,2024-02-13,83137
87260,1017739,11437,2024-02-13,112765
89853,1034406,112887,2024-02-13,76213
54612,1031808,29290,2024-02-13,87270
13004,1044244,103385,2024-02-13,108564
21423,1038813,121296,2024-02-13,159805
114566,1038110,105406,2024-02-13,89233
76952,1042197,63476,2024-02-13,153694
119917,1025969,97632,2024-02-13,55562
41224,1016225,119818,2024-02-13,157533
59080,1025346,18006,2024-02-13,81372
108877,1036420,81363,2024-02-13,158391
104338,1029119,124931,2024-02-13,73174
129463,1042004,59222,2024-02-13,65983
12461,1049623,47229,2024-02-13,58863
89067,1013367,102542,2024-02-13,155181
74787,1024378,127726,2024-02-13,69387
66487,1036949,117597,2024-02-13,129562
124303,1014551,118149,2024-02-13,123670
12948,1037430,31807,2024-02-13,86610
71992,1028726,68565,2024-02-13,57195
128341,1036214,96117,2024-02-13,61226
127173,1028610,58310,2024-02-13,107785
31587,1025833,24807,2024-02-13,77760
91284,1043873,89550,2024-02-13,104207
74237,1049051,69879,2024-02-13,125553
126382,1032235,12649,2024-02-13,121247
48200,1036426,87058,2024-02-13,124064
23464,1036011,74400,2024-02-13,76481
67446,1011113,63333,2024-02-13,104983
38287,1036940,19557,2024-02-13,67918
97521,1041067,46989,2024-02-13,106313
82753,1022792,118364,2024-02-13,52628
22717,1012228,11455,2024-02-13,104701
34095,1046264,53946,2024-02-13,118185
122131,1042409,109932,2024-02-13,102472
87110,1044328,92839,2024-02-13,117891
51974,1046895,65909,2024-02-13,65628
26764,1049152,115386,2024-02-13,58774
99149,1049376,105298,2024-02-13,62474
69054,1042174,47642,2024-02-13,54122
42237,1049878,38735,2024-02-13,128733
47434,1013643,77395,2024-02-13,87667
12399,1019024,48834,2024-02-13,83327
88024,1031727,127562,2024-02-13,101866
74035,1023953,129771,2024-02-13,106237
64486,1045917,49228,2024-02-13,76856
36686,1035009,122586,2024-02-13,117706
12212,1044540,39154,2024-02-13,159691
18295,1046347,116932,2024-02-13,107239
109206,1017789,27964,2024-02-13,61845
122661,1032588,94656,2024-02-13,108059
126848,1031273,97279,2024-02-13,127049
22254,1038862,41861,2024-02-13,112043
84783,1019120,112116,2024-02-13,62937
111616,1016383,42336,2024-02-13,125671
108298,1042497,114266,2024-02-13,123364
118742,1028809,102481,2024-02-13,104246
16601,1043744,86204,2024-02-13,101640
99011,1029665,65499,2024-02-13,153570
15302,1038709,113065,2024-02-13,115024
48941,1038022,47484,2024-02-13,125734
97311,1029071,64225,2024-02-13,158093
12732,1013831,46587,2024-02-13,69768
102628,1018492,75485,2024-02-13,77951
21941,1011161,107868,2024-02-13,89477
38784,1042827,53338,2024-02-13,55912
124003,1025221,35405,2024-02-13,88963
76523,1041478,41405,2024-02-13,88481
87997,1018979,68627,2024-02-13,82377
126170,1022092,109623,2024-02-13,75029
11310,1018343,89392,2024-02-13,121616
66241,1032584,53190,2024-02-13,73193
66448,1033108,33064,2024-02-13,125666
79036,1024574,32222,2024-02-13,124910
22725,1027905,103737,2024-02-13,106591
88699,1017997,109414,2024-02-13,102885
47867,1031760,34309,2024-02-13,123157
27497,1021091,94516,2024-02-13,85877
72445,1037250,16732,2024-02-13,123298
25521,1015808,89903,2024-02-13,85340
114725,1029619,31157,2024-02-13,86944
98495,1037991,79360,2024-02-13,122129
42352,1036882,117162,2024-02-13,124931
99582,1018732,91110,2024-02-13,105893
74281,1045495,14916,2024-02-13,116710
19849,1018408,109297,2024-02-13,77190
82331,1019064,95027,2024-02-13,124662
112867,1028182,34220,2024-02-13,67669
121390,1032771,113007,2024-02-13,125996
32488,1015944,41564,2024-02-13,104879
91240,1024719,59407,2024-02-13,101438
27406,1032680,68285,2024-02-13,128928
69133,1016336,46898,2024-02-13,103107
64217,1024914,98463,2024-02-13,115853
103757,1023666,83279,2024-02-13,129507
58082,1042304,61465,2024-02-13,123851
126503,1011733,109391,2024-02-13,85856
44185,1032105,26495,2024-02-13,86449
111920,1025685,105105,2024-02-13,108620
53660,1041779,114725,2024-02-13,122281
123436,1037671,52236,2024-02-13,117943
18990,1014939,55550,2024-02-13,103968
116391,1048786,118356,2024-02-13,54221
44600,1015139,72246,2024-02-13,101485
31652,1031711,47951,2024-02-13,67605
31144,1033785,77868,2024-02-13,151046
62657,1044634,75598,2024-02-13,58086
32495,1022815,117986,2024-02-13,61824
35875,1028798,35082,2024-02-13,126530
35964,1045479,42166,2024-02-13,79365
29982,1031179,99994,2024-02-13,152392
56484,1016174,59547,2024-02-13,122833
64140,1026268,39935,2024-02-13,57242
121560,1043709,121625,2024-02-13,117794
51386,1016163,53659,2024-02-13,125751
61341,1032045,65846,2024-02-13,129600
112381,1034578,91405,2024-02-13,89753
74662,1015238,69994,2024-02-13,54761
84595,1022104,46214,2024-02-13,151753
89461,1018045,43102,2024-02-13,124317
43513,1036295,46794,2024-02-13,67815
107912,1041952,69949,2024-02-13,84912
119476,1022124,54550,2024-02-13,103538
39360,1031183,112299,2024-02-13,72014
54303,1024711,26665,2024-02-13,89717
59584,1044525,114513,2024-02-13,86079
26507,1033359,46187,2024-02-13,109635
46011,1031424,61911,2024-02-13,52348
35924,1021736,69283,2024-02-13,83729
75554,1037653,12635,2024-02-13,74423
48792,1027876,45850,2024-02-13,127432
111159,1048021,119913,2024-02-13,77823
113699,1013504,47561,2024-02-13,158270
55680,1027329,42181,2024-02-13,58549
19952,1018133,106525,2024-02-13,128068
28921,1024888,61634,2024-02-13,108701
27427,1038276,94332,2024-02-13,109349
55113,1016172,94786,2024-02-13,89464
118824,1029001,39614,2024-02-13,55284
41451,1014093,77036,2024-02-13,106219
43278,1015780,107166,2024-02-13,57362
99292,1013634,23218,2024-02-13,155955
74919,1046132,49554,2024-02-13,156532
25833,1047952,63816,2024-02-13,107932
77126,1038649,13850,2024-02-13,78938
113341,1046143,115890,2024-02-13,102274
13828,1034263,79796,2024-02-13,53423
99656,1028301,54556,2024-02-13,154629
81101,1029888,72324,2024-02-13,102016
88975,1014049,58916,2024-02-13,101865
106515,1044970,88807,2024-02-13,103105
93275,1029492,102907,2024-02-13,116214
112498,1022608,42017,2024-02-13,129129
96423,1034116,116996,2024-02-13,84556
41151,1046935,27781,2024-02-13,114392
79333,1036386,126407,2024-02-13,83177
11524,1048166,118162,2024-02-13,102625
25757,1043658,126455,2024-02-13,103828
76016,1037109,79651,2024-02-13,118536
107197,1027915,63398,2024-02-13,115401
21095,1019144,61747,2024-02-13,122199
29883,1036743,117068,2024-02-13,109839
111249,1044293,56393,2024-02-13,107924
83581,1015978,11722,2024-02-13,62597
66667,1049889,67333,2024-02-13,103178
92380,1042682,126187,2024-02-13,155338
99697,1047331,52240,2024-02-13,88900
76052,1043906,128227,2024-02-13,109844
26467,1049815,105701,2024-02-13,122142
18798,1022361,24049,2024-02-13,125454
102623,1016958,124426,2024-02-13,106805
103033,1033499,79741,2024-02-13,55506
52834,1028672,101243,2024-02-13,55865
15464,1026081,51715,2024-02-13,108183
127403,1045952,63960,2024-02-13,85827
16767,1018322,33053,2024-02-13,155022
72028,1012623,56043,2024-02-13,112065
33802,1013116,101117,2024-02-13,108208
74199,1045640,49775,2024-02-13,126704
59913,1034501,71123,2024-02-13,54627
52183,1027771,79040,2024-02-13,117785
118810,1049451,102805,2024-02-13,89264
33104,1013170,13119,2024-02-13,122105
27492,1048816,42504,2024-02-13,69717
21399,1011945,98741,2024-02-13,101747
27417,1023481,84965,2024-02-13,85963
77931,1021395,91070,2024-02-13,63444
74583,1014880,124324,2024-02-13,84248
88348,1015452,28926,2024-02-13,102553
129986,1035392,105195,2024-02-13,104362
15042,1045368,36941,2024-02-13,108480
25099,1018392,83491,2024-02-13,158507
121116,1031573,37541,2024-02-13,102576
45121,1048181,78991,2024-02-13,103749
69438,1033521,17311,2024-02-13,119969
87291,1038613,116102,2024-02-13,73364
34729,1045461,22880,2024-02-13,129931
114052,1045384,81612,2024-02-13,79027
77326,1046562,43771,2024-02-13,82150
79955,1015019,128391,2024-02-13,71456
48533,1043451,113672,2024-02-13,116140
104164,1023370,42412,2024-02-13,114286
87380,1015106,41509,2024-02-13,103480
45158,1016364,83206,2024-02-13,109849
95930,1021149,53564,2024-02-13,102079
72257,1011382,117721,2024-02-13,106916
84566,1044445,108982,2024-02-13,158658
45186,1038564,46778,2024-02-13,63209
124872,1019801,66767,2024-02-13,77735
22636,1028353,106605,2024-02-13,68706
53178,1038392,37401,2024-02-13,159501
129617,1015292,115514,2024-02-13,151418
67975,1016926,37162,2024-02-13,121473
129466,1019156,49580,2024-02-13,118776
34613,1044832,44192,2024-02-13,64450
115469,1031242,66090,2024-02-13,116675
72839,1016340,79515,2024-02-13,57359
84780,1022354,106002,2024-02-13,109847
97724,1036555,37841,2024-02-13,121828
42844,1014255,107130,2024-02-13,85734
114402,1014538,115560,2024-02-13,116536
69505,1025448,116649,2024-02-13,81318
78350,1028835,102875,2024-02-13,108348
62577,1019431,13028,2024-02-13,73465
84222,1044851,96231,2024-02-13,101797
106954,1028767,33668,2024-02-13,155711
123016,1036252,96453,2024-02-13,123635
118591,1012028,93929,2024-02-13,107596
87217,1026301,48778,2024-02-13,153648
42236,1019701,128057,2024-02-13,155038
109967,1032412,16736,2024-02-13,105985
125972,1027020,96320,2024-02-13,154905
37899,1048061,108381,2024-02-13,125140
115584,1032484,129430,2024-02-13,76963
119254,1039581,85392,2024-02-13,82500
92934,1043818,46092,2024-02-13,123413
117470,1035702,97095,2024-02-13,101621
43254,1039428,72252,2024-02-13,52386
33993,1032322,117016,2024-02-13,51555
64888,1033185,19229,2024-02-13,85760
78302,1017222,31590,2024-02-13,107745
125707,1016283,101068,2024-02-13,115670
97247,1045204,122866,2024-02-13,62785
67998,1034656,114209,2024-02-13,106625
46122,1034679,76011,2024-02-13,74487
91577,1041119,76733,2024-02-13,59832
52546,1029007,104825,2024-02-13,82826
42016,1028268,42704,2024-02-13,114213
79397,1044446,45207,2024-02-13,59530
47693,1046497,82656,2024-02-13,82979
76699,1041861,52260,2024-02-13,121762
12118,1046715,11408,2024-02-13,124638
17637,1022465,83862,2024-02-13,76410
89447,1034367,17890,2024-02-13,65695
51808,1028125,122367,2024-02-13,123203
91493,1015412,81753,2024-02-13,107473
13940,1044314,127881,2024-02-13,66873
38596,1017907,125872,2024-02-13,52415
36708,1022251,52257,2024-02-13,63996
75854,1018026,121581,2024-02-13,82054
86541,1031350,55778,2024-02-13,113752
47265,1035914,98262,2024-02-13,101946
67179,1042573,81152,2024-02-13,57278
58048,1031959,96924,2024-02-13,102050
63270,1024415,58359,2024-02-13,76538
121712,1033540,87087,2024-02-13,116322
17621,1014841,13652,2024-02-13,51651
52401,1033628,114113,2024-02-13,158915
106186,1038778,57567,2024-02-13,53367
112415,1043480,25759,2024-02-13,121381
95103,1044591,106204,2024-02-13,108866
59043,1024627,38561,2024-02-13,54420
111234,1045646,45294,2024-02-13,85719
112896,1015994,114423,2024-02-13,82433
107240,1028225,106469,2024-02-13,108901
28561,1024833,75107,2024-02-13,117012
51304,1015435,53056,2024-02-13,73433
129868,1031369,25376,2024-02-13,103897
29663,1026207,88320,2024-02-13,124310
46143,1023280,32242,2024-02-13,82641
17304,1049231,121943,2024-02-13,102994
77936,1029616,67498,2024-02-13,89007
68906,1021014,127713,2024-02-13,87632
63835,1022644,125899,2024-02-13,101151
113663,1046653,83840,2024-02-13,106222
47553,1038460,99723,2024-02-13,128753
77707,1017531,35410,2024-02-13,81545
129493,1013362,97213,2024-02-13,86936
96466,1018479,69204,2024-02-13,78092
58739,1019754,116322,2024-02-13,158741
24782,1018928,107560,2024-02-13,75675
121532,1017200,35364,2024-02-13,155469
49949,1037114,51366,2024-02-13,151285
16566,1032427,39236,2024-02-13,101505
101128,1042487,29539,2024-02-13,107545
65818,1024872,113768,2024-02-13,152781
127976,1014111,65145,2024-02-13,108900
124859,1047270,34081,2024-02-13,152839
67256,1048916,25640,2024-02-13,75259
124927,1047609,129062,2024-02-13,103089
67891,1046583,48266,2024-02-13,107104
97835,1046857,123786,2024-02-13,112420
116053,1021308,26355,2024-02-13,56318
72072,1024560,92257,2024-02-13,79004
78774,1033660,31199,2024-02-13,108793
102164,1034332,106657,2024-02-13,83690
23565,1025088,112459,2024-02-13,85914
79867,1029934,97578,2024-02-13,122573
23289,1046548,26085,2024-02-13,53226
22188,1049400,115819,2024-02-13,103855
35786,1013021,67321,2024-02-13,153752
63805,1038254,35292,2024-02-13,123158
49422,1043775,43670,2024-02-13,82667
103872,1042901,84012,2024-02-13,103271
49583,1047991,102976,2024-02-13,115212
47038,1041876,65683,2024-02-13,89812
122100,1035543,109732,2024-02-13,114680
102052,1014081,72471,2024-02-13,101835
122810,1031480,13408,2024-02-13,101717
37749,1014081,121970,2024-02-13,104595
126425,1013207,47915,2024-02-13,116849
12346,1018398,119462,2024-02-13,124537
106549,1017799,46629,2024-02-13,78940
14631,1011827,84791,2024-02-13,71752
34013,1046319,48432,2024-02-13,158684
48020,1018908,92492,2024-02-13,158667
86021,1023828,88002,2024-02-13,75113
67522,1018070,54530,2024-02-13,108032
116715,1045119,26595,2024-02-13,67389
87821,1035490,79625,2024-02-13,82770
84980,1047324,38232,2024-02-13,152767
85537,1041694,44366,2024-02-13,107463
18636,1047285,26226,2024-02-13,112798
84374,1031345,106919,2024-02-13,129293
119513,1017473,112733,2024-02-13,108241
35885,1013203,115040,2024-02-13,153401
55870,1016752,113350,2024-02-13,113419
42580,1014597,76234,2024-02-13,109039
77729,1048317,35286,2024-02-13,77388
36458,1045923,85016,2024-02-13,151037
98880,1011911,56282,2024-02-13,109286
89901,1035149,62022,2024-02-13,108248
117697,1013876,46894,2024-02-13,85714
61265,1047763,71561,2024-02-13,124551
56033,1013082,87870,2024-02-13,89372
101223,1022491,56255,2024-02-13,106402
37402,1035303,64197,2024-02-13,125984
103836,1047658,57811,2024-02-13,102136
82085,1029513,76954,2024-02-13,108644
17960,1039818,108059,2024-02-13,85773
96822,1039238,92860,2024-02-13,86135
13064,1042159,52801,2024-02-13,65883
74114,1022403,98698,2024-02-13,118528
41904,1017360,34675,2024-02-13,81966
18827,1037119,92688,2024-02-13,54016
125959,1016271,27243,2024-02-13,84868
94990,1049624,47190,2024-02-13,79602
115023,1049383,113467,2024-02-13,103108
58597,1011673,97399,2024-02-13,89295
76691,1049599,15803,2024-02-13,113806
68159,1042327,75702,2024-02-13,116175
21387,1043746,61554,2024-02-13,103211
23262,1042226,56606,2024-02-13,129852
22913,1041619,31941,2024-02-13,118276
86947,1036802,73393,2024-02-13,122384
68931,1035118,52576,2024-02-13,87074
23706,1018570,32193,2024-02-13,85192
116431,1024682,94256,2024-02-13,105583
31306,1027284,69499,2024-02-13,105078
115917,1032051,71825,2024-02-13,115520
124024,1021430,12353,2024-02-13,82706
14438,1025967,99450,2024-02-13,111874
13665,1017303,114237,2024-02-13,55009
54169,1018277,52821,2024-02-13,67801
113042,1011565,59233,2024-02-13,77362
87219,1012820,72336,2024-02-13,152036
82527,1026630,114267,2024-02-13,86946
12019,1024063,48039,2024-02-13,154330
87856,1042313,36906,2024-02-13,101297
125769,1039630,58030,2024-02-13,106055
29282,1046284,44857,2024-02-13,129137
44018,1033250,111634,2024-02-13,106761
84281,1011214,21288,2024-02-13,121946
119612,1047560,117510,2024-02-13,83694
53126,1032092,125801,2024-02-13,127684
54988,1049102,65282,2024-02-13,106081
119950,1021877,73961,2024-02-13,109571
129624,1015198,59528,2024-02-13,64351
26008,1042559,64152,2024-02-13,81601
97230,1046060,55610,2024-02-13,84081
112233,1034680,128189,2024-02-13,89120
44085,1018748,95385,2024-02-13,106403
116140,1043413,52300,2024-02-13,72101
125453,1019329,117169,2024-02-13,78071
122939,1034506,61161,2024-02-13,109897
112835,1047961,125008,2024-02-13,154596
54420,1021675,11930,2024-02-13,74210
83110,1045182,15362,2024-02-13,51557
48715,1035596,122540,2024-02-13,105043
98303,1042018,31047,2024-02-13,152640
85229,1017013,106473,2024-02-13,72382
102275,1012528,128422,2024-02-13,103672
97862,1021177,87438,2024-02-13,58290
68424,1039253,54008,2024-02-13,101754
36395,1016986,92994,2024-02-13,115275
77702,1034811,86906,2024-02-13,103635
27634,1028267,67634,2024-02-13,129315
77576,1017332,107493,2024-02-13,159618
44757,1035910,68743,2024-02-13,72223
79607,1034452,118392,2024-02-13,73104
17070,1049265,36798,2024-02-13,101261
68605,1029673,103366,2024-02-13,79097
89773,1043384,26286,2024-02-13,83739
74978,1014688,94297,2024-02-13,53612
39916,1011156,35406,2024-02-13,123507
24019,1028862,28449,2024-02-13,103532
67112,1019840,14154,2024-02-13,126248
77679,1049756,26488,2024-02-13,104148
13422,1029330,124085,2024-02-13,51803
72572,1047401,25139,2024-02-13,57451
63063,1024339,53819,2024-02-13,61307
117897,1019553,101637,2024-02-13,67314
67082,1011985,91341,2024-02-13,67638
52139,1019366,36967,2024-02-13,119804
25711,1035951,54255,2024-02-13,107258
89154,1022124,54894,2024-02-13,123222
119649,1031027,35370,2024-02-13,53252
104626,1015982,127722,2024-02-13,76592
106445,1028018,23583,2024-02-13,86170
26376,1049113,111543,2024-02-13,108316
92094,1048419,69878,2024-02-13,126172
79438,1031191,76815,2024-02-13,109917
123873,1028966,21133,2024-02-13,68999
17136,1042664,15457,2024-02-13,69266
24680,1047159,48305,2024-02-13,102104
76951,1014219,39584,2024-02-13,87733
94094,1017769,27130,2024-02-13,58121
43907,1031134,27145,2024-02-13,115086
129216,1013320,28987,2024-02-13,104225
48301,1026716,122308,2024-02-13,105476
116609,1013643,101580,2024-02-13,66149
108159,1018127,87954,2024-02-13,127756
65132,1029022,43168,2024-02-13,104581
93971,1024888,92884,2024-02-13,77526
63542,1027476,39194,2024-02-13,102979
11187,1029931,82309,2024-02-13,81333
26858,1034627,25224,2024-02-13,101151
33175,1033141,22527,2024-02-13,88786
58204,1033671,83093,2024-02-13,76783
87977,1025546,48357,2024-02-13,89175
78958,1025557,37923,2024-02-13,124124
92364,1039179,128454,2024-02-13,104895
32502,1043302,55466,2024-02-13,116891
84826,1021961,125811,2024-02-13,58440
23273,1024826,128629,2024-02-13,153642
37301,1038195,54644,2024-02-13,68341
29972,1049489,79131,2024-02-13,104458
33010,1049987,63062,2024-02-13,123714
15355,1017911,55099,2024-02-13,78646
122479,1029319,105107,2024-02-13,74464
36735,1038491,79124,2024-02-13,75478
111018,1012935,67710,2024-02-13,108647
73957,1046245,59920,2024-02-13,109546
81305,1048802,65966,2024-02-13,77774
107447,1038123,116435,2024-02-13,101367
124879,1029129,74258,2024-02-13,83857
112195,1026960,85314,2024-02-13,117647
82342,1023208,101877,2024-02-13,118094
56410,1031464,77811,2024-02-13,77481
26633,1029110,36009,2024-02-13,126040
95958,1031162,95695,2024-02-13,129434
51121,1011664,43720,2024-02-13,104014
31197,1023548,107899,2024-02-13,126718
41918,1042965,32450,2024-02-13,158879
22124,1011343,108278,2024-02-13,127524
52458,1017485,107004,2024-02-13,67130
88128,1034435,85204,2024-02-13,67848
106318,1039303,126890,2024-02-13,151398
28476,1038795,46877,2024-02-13,124976
49512,1012077,117530,2024-02-13,61077
32133,1045834,125807,2024-02-13,58636
91908,1049755,39852,2024-02-13,124699
37552,1042098,61642,2024-02-13,103509
122729,1036548,35824,2024-02-13,58636
99609,1018169,42433,2024-02-13,81298
56334,1033157,95625,2024-02-13,156287
92170,1037343,45500,2024-02-13,75179
99219,1028213,53568,2024-02-13,102425
53113,1013962,71068,2024-02-13,85363
85537,1045962,89826,2024-02-13,71667
19888,1013841,127389,2024-02-13,81194
45378,1019451,12947,2024-02-13,88969
118974,1011832,73332,2024-02-13,125789
55363,1028478,42432,2024-02-13,122949
59583,1015782,128273,2024-02-13,88480
122764,1024615,16175,2024-02-13,81405
57338,1029517,102323,2024-02-13,101229
117209,1017530,127480,2024-02-13,67981
116323,1043647,103012,2024-02-13,106240
88067,1043548,42470,2024-02-13,68432
117834,1025309,101701,2024-02-13,81348
45209,1035982,95637,2024-02-13,57430
101676,1012234,98751,2024-02-13,126935
85222,1021808,125174,2024-02-13,105895
107431,1017655,81566,2024-02-13,84391
119879,1027430,22116,2024-02-13,127352
123781,1049103,45638,2024-02-13,123205
91838,1017448,69096,2024-02-13,89186
99448,1038646,12603,2024-02-13,85301
89677,1034155,79825,2024-02-13,84853
65493,1025798,123596,2024-02-13,129750
108968,1021505,115292,2024-02-13,159029
95058,1017541,63020,2024-02-13,81617
39729,1033866,105158,2024-02-13,51565
117560,1013525,125529,2024-02-13,59429
109839,1033173,84910,2024-02-13,117860
104884,1042539,72694,2024-02-13,86848
29870,1014611,103812,2024-02-13,102899
129041,1022568,44110,2024-02-13,126888
76862,1018485,54198,2024-02-13,78411
106187,1046381,107380,2024-02-13,89353
55112,1044521,49975,2024-02-13,156206
51049,1036937,112056,2024-02-13,103047
46676,1036690,129996,2024-02-13,82556
46092,1025546,72572,2024-02-13,155108
104988,1024419,126620,2024-02-13,125867
72232,1044915,38932,2024-02-13,65659
52256,1013996,85563,2024-02-13,79284
129375,1048127,73374,2024-02-13,83800
97828,1029310,52644,2024-02-13,107087
32270,1046211,113380,2024-02-13,75887
49216,1021015,106156,2024-02-13,102186
43624,1017946,36496,2024-02-13,101487
127710,1011923,37172,2024-02-13,155602
71901,1031503,94472,2024-02-13,102621
81695,1045832,85409,2024-02-13,89228
26141,1039669,129468,2024-02-13,105317
66615,1017474,24226,2024-02-13,105777
58643,1043174,101438,2024-02-13,116195
45610,1049966,83547,2024-02-13,102698
14974,1026547,65216,2024-02-13,115947
129226,1026048,89584,2024-02-13,106060
65615,1032324,88691,2024-02-13,104433
101513,1031470,46606,2024-02-13,89071
21190,1031539,13367,2024-02-13,109069
118301,1023814,86689,2024-02-13,67054
108261,1017223,96463,2024-02-13,55647
36062,1048019,34806,2024-02-13,88352
116821,1045035,31547,2024-02-13,88712
76570,1021161,11567,2024-02-13,124049
111136,1019350,79710,2024-02-13,124040
113978,1031289,37048,2024-02-13,63787
83130,1043492,11538,2024-02-13,151481
17402,1029354,123662,2024-02-13,68196
31130,1036832,35200,2024-02-13,74689
74973,1037840,115815,2024-02-13,153083
43237,1043345,28458,2024-02-13,126103
122318,1038608,23979,2024-02-13,55096
48064,1048878,111436,2024-02-13,127390
48016,1022061,26481,2024-02-13,109325
126003,1028332,47966,2024-02-13,55291
106757,1017306,27967,2024-02-13,59178
79798,1014642,37916,2024-02-13,122994
88311,1036320,71572,2024-02-13,119096
108758,1044755,109638,2024-02-13,103001
116815,1042241,44320,2024-02-13,77932
55355,1032645,107538,2024-02-13,123706
115986,1042960,73368,2024-02-13,55320
98162,1043967,58174,2024-02-13,84829
115873,1031822,117823,2024-02-13,156849
55056,1043915,91173,2024-02-13,87701
114414,1046200,23670,2024-02-13,158267
71454,1032794,44384,2024-02-13,83023
103816,1033188,49473,2024-02-13,89027
114663,1011929,87171,2024-02-13,71880
18893,1048463,34610,2024-02-13,122927
42720,1012049,94975,2024-02-13,79967
77389,1035708,61675,2024-02-13,57135
13092,1026385,112385,2024-02-13,129096
101889,1015629,51703,2024-02-13,128543
36422,1046581,107056,2024-02-13,108446
119000,1041761,112292,2024-02-13,123114
86938,1014681,99881,2024-02-13,56752
116991,1045293,128120,2024-02-13,79037
15636,1039545,76383,2024-02-13,126342
107463,1042880,45802,2024-02-13,71362
84762,1035221,105745,2024-02-13,107106
94426,1041170,101007,2024-02-13,86013
35426,1046138,14188,2024-02-13,85560
19695,1028890,22091,2024-02-13,101253
58265,1018176,124699,2024-02-13,104033
13321,1043968,59575,2024-02-13,101995
44464,1013964,85546,2024-02-13,104550
32553,1044381,38201,2024-02-13,106805
108842,1032335,59384,2024-02-13,124211
93053,1016665,27997,2024-02-13,129310
46377,1013654,52720,2024-02-13,112943
101961,1045728,12196,2024-02-13,83900
113434,1039707,34675,2024-02-13,159296
116811,1024349,126357,2024-02-13,59244
61019,1024138,66709,2024-02-13,105828
79993,1036486,76963,2024-02-13,88257
78559,1013885,35265,2024-02-13,129110
101423,1014084,67079,2024-02-13,129208
85198,1012043,67757,2024-02-13,122442
83877,1026521,31281,2024-02-13,103887
24846,1013547,57098,2024-02-13,121811
106161,1026295,119247,2024-02-13,111913
28016,1047044,41788,2024-02-13,86447
16049,1022580,18960,2024-02-13,83788
61467,1023396,41078,2024-02-13,101328
115774,1028970,109098,2024-02-13,86697
78068,1028948,35283,2024-02-13,123922
16610,1016405,106523,2024-02-13,63026
59071,1049462,51719,2024-02-13,116232
78063,1021568,91773,2024-02-13,107313
66445,1043310,96517,2024-02-13,122758
47450,1024751,37051,2024-02-13,105594
97973,1042388,25330,2024-02-13,87095
32996,1044087,11483,2024-02-13,103961
53953,1016530,63720,2024-02-13,129094
119666,1049214,119328,2024-02-13,122373
26421,1014080,51272,2024-02-13,82005
37159,1028213,35752,2024-02-13,128885
81717,1012564,32600,2024-02-13,124551
105185,1042804,34583,2024-02-13,112966
55013,1049352,37473,2024-02-13,52901
24621,1018419,63635,2024-02-13,126451
85109,1022906,104466,2024-02-13,83547
33839,1017940,112352,2024-02-13,51566
39506,1016037,68618,2024-02-13,102833
119825,1049267,17827,2024-02-13,127523
95675,1046591,104042,2024-02-13,74316
17239,1024684,47416,2024-02-13,101014
92868,1033091,29693,2024-02-13,82863
122816,1046779,93624,2024-02-13,73499
54679,1026675,64638,2024-02-13,105604
33905,1025443,59451,2024-02-13,107900
85861,1049824,32371,2024-02-13,107194
43955,1017134,128475,2024-02-13,86133
37917,1032139,123196,2024-02-13,123894
13085,1033038,33276,2024-02-13,83526
63180,1026783,71507,2024-02-13,111787
48646,1015403,123728,2024-02-13,57788
107390,1013588,92190,2024-02-13,79168
45943,1044030,108195,2024-02-13,121695
92774,1027604,62207,2024-02-13,55741
58931,1044457,99744,2024-02-13,101231
103783,1028035,72683,2024-02-13,108151
128484,1039903,73616,2024-02-13,126522
18337,1036999,68526,2024-02-13,129085
107122,1024737,28285,2024-02-13,104333
61159,1032121,116158,2024-02-13,109918
38392,1049951,72965,2024-02-13,157470
64754,1047918,71237,2024-02-13,108501
64940,1026742,65825,2024-02-13,104987
111494,1044673,98805,2024-02-13,119513
96953,1045264,128427,2024-02-13,85268
104818,1011747,14875,2024-02-13,102434
99042,1016280,81085,2024-02-13,64405
73538,1049810,37469,2024-02-13,69883
38770,1047456,18271,2024-02-13,84983
66823,1022784,93813,2024-02-13,81736
52098,1033511,48469,2024-02-13,105707
42786,1019614,114527,2024-02-13,115054
124671,1031807,28333,2024-02-13,82465
75739,1034216,29131,2024-02-13,65252
79564,1028361,13496,2024-02-13,129521
32467,1016540,103282,2024-02-13,113112
21100,1023537,12987,2024-02-13,104033
92652,1019788,72614,2024-02-13,84160
119907,1036409,96024,2024-02-13,101040
47093,1033094,99432,2024-02-13,119494
86970,1012075,103554,2024-02-13,151607
44712,1038095,68212,2024-02-13,53896
32441,1015348,69807,2024-02-13,127312
46678,1033332,112417,2024-02-13,84755
27666,1018645,83229,2024-02-13,105791
37410,1032190,122145,2024-02-13,101753
74890,1028909,98975,2024-02-13,51308
25789,1021750,25618,2024-02-13,87064
25321,1031659,53181,2024-02-13,101817
91286,1018556,109019,2024-02-13,129889
121337,1016291,42154,2024-02-13,109547
59031,1021301,29253,2024-02-13,57231
102277,1018196,69363,2024-02-13,62793
127654,1045125,79509,2024-02-13,123194
26582,1026768,82934,2024-02-13,123265
121959,1025770,83228,2024-02-13,101465
17498,1049385,21703,2024-02-13,125999
108837,1041097,121071,2024-02-13,83017
66319,1029391,113589,2024-02-13,71277
106272,1035251,47150,2024-02-13,125020
84477,1041392,11608,2024-02-13,118632
46910,1011616,36185,2024-02-13,103123
124429,1022684,54976,2024-02-13,127873
84306,1045700,73871,2024-02-13,114865
126459,1012992,55324,2024-02-13,108248
34544,1042639,25348,2024-02-13,56736
71125,1032488,121225,2024-02-13,101852
15475,1017349,84439,2024-02-13,62536
68286,1029008,56324,2024-02-13,155586
12929,1048561,67960,2024-02-13,81182
97024,1017533,113888,2024-02-13,153313
125372,1039322,113619,2024-02-13,106014
94443,1013212,88375,2024-02-13,156705
62684,1012000,47222,2024-02-13,82138
71086,1027927,49920,2024-02-13,159498
86246,1039847,11696,2024-02-13,104039
127515,1026134,44674,2024-02-13,85493
96269,1036754,56937,2024-02-13,108117
68532,1039332,65494,2024-02-13,151125
75262,1034722,65145,2024-02-13,113875
89057,1033199,78292,2024-02-13,158125
51360,1015395,23449,2024-02-13,69413
11011,1043497,95918,2024-02-13,127732
108538,1021118,48522,2024-02-13,78938
38333,1042930,126592,2024-02-13,57139
118604,1011979,51492,2024-02-13,76436
52149,1044278,15530,2024-02-13,83996
23956,1036552,29693,2024-02-13,62052
38112,1039394,73952,2024-02-13,106055
56209,1048387,94437,2024-02-13,123085
99412,1043111,61323,2024-02-13,107835
13658,1019424,112643,2024-02-13,104274
18562,1014884,79302,2024-02-13,103038
101980,1045462,94768,2024-02-13,105639
88098,1021050,99275,2024-02-13,88842
103970,1023971,51919,2024-02-13,105059
118062,1013554,55849,2024-02-13,87574
74753,1033632,49660,2024-02-13,127688
47700,1042886,78583,2024-02-13,106065
85345,1044831,81882,2024-02-13,119047
19834,1031539,19012,2024-02-13,124870
96609,1032088,83888,2024-02-13,55233
94508,1023688,25182,2024-02-13,113255
75515,1015630,113037,2024-02-13,67219
56378,1029601,101231,2024-02-13,54509
43802,1049431,48933,2024-02-13,124313
124376,1014198,104443,2024-02-13,103462
69874,1025240,46176,2024-02-13,81311
25915,1027540,77709,2024-02-13,54869
85535,1013285,101314,2024-02-13,73296
36858,1049645,71717,2024-02-13,86033
115206,1017165,21499,2024-02-13,65542
88084,1044289,16407,2024-02-13,109238
117396,1024886,51223,2024-02-13,105502
113561,1026652,45498,2024-02-13,109448
53089,1029970,87723,2024-02-13,74509
126371,1028105,82417,2024-02-13,127439
127097,1022294,63772,2024-02-13,69831
62062,1028493,76398,2024-02-13,116346
127506,1016436,91470,2024-02-13,88548
115587,1022356,93397,2024-02-13,104156
72314,1048618,74792,2024-02-13,104525
58712,1048234,36500,2024-02-13,108700
36808,1025055,126422,2024-02-13,157732
102086,1012427,112053,2024-02-13,78406
107788,1031165,82519,2024-02-13,75110
38831,1014698,37958,2024-02-13,83264
77064,1022589,83140,2024-02-13,58570
86484,1031001,34817,2024-02-13,82431
77230,1033654,106270,2024-02-13,108452
101052,1016894,58441,2024-02-13,86826
12712,1018707,109389,2024-02-13,58203
52162,1044028,12989,2024-02-13,109123
69549,1044649,112007,2024-02-13,63484
33668,1015316,48620,2024-02-13,104672
29002,1035729,49655,2024-02-13,82890
125626,1018341,79305,2024-02-13,123798
41360,1032857,75447,2024-02-13,59212
39937,1036521,64742,2024-02-13,128535
27354,1037169,27877,2024-02-13,85893
29918,1019475,42160,2024-02-13,109278
122075,1023101,33068,2024-02-13,127639
95914,1023134,69816,2024-02-13,129169
26668,1029740,117224,2024-02-13,129417
21287,1028410,107721,2024-02-13,89787
37342,1044884,33983,2024-02-13,106275
118247,1022434,56902,2024-02-13,109341
12964,1041692,86845,2024-02-13,112421
123182,1017704,91591,2024-02-13,107016
88287,1039426,81517,2024-02-13,112167
55802,1029747,26610,2024-02-13,69919
76596,1031891,97955,2024-02-13,121673
45599,1023364,88946,2024-02-13,127480
97676,1038331,129344,2024-02-13,109973
113122,1011262,68620,2024-02-13,65261
29650,1025555,78754,2024-02-13,107065
62746,1042861,93273,2024-02-13,104194
43628,1023656,87369,2024-02-13,64545
71410,1042622,34275,2024-02-13,69474
13633,1035838,85124,2024-02-13,124187
44344,1012239,61151,2024-02-13,127325
115731,1015388,82741,2024-02-13,122421
99260,1039177,35658,2024-02-13,51956
106913,1016175,21136,2024-02-13,127865
112861,1031421,85276,2024-02-13,83548
16552,1016712,96707,2024-02-13,123304
63908,1015776,64315,2024-02-13,119289
108036,1023589,54007,2024-02-13,79987
71453,1045461,62249,2024-02-13,81540
78747,1012501,93813,2024-02-13,154068
41983,1032614,71743,2024-02-13,125495
37793,1017590,111827,2024-02-13,78792
67136,1046645,126144,2024-02-13,126876
31876,1031822,84038,2024-02-13,128369
26119,1019859,117835,2024-02-13,62885
112847,1021886,18153,2024-02-13,119771
65386,1044929,109167,2024-02-13,151421
78217,1037880,115761,2024-02-13,54147
52003,1038296,95660,2024-02-13,104166
89476,1031624,89559,2024-02-13,76782
79732,1021312,88852,2024-02-13,102563
36950,1019933,49293,2024-02-13,107616
29455,1033471,36721,2024-02-13,105102
54675,1026437,65059,2024-02-13,156130
102866,1027179,76412,2024-02-13,126401
77043,1024880,67000,2024-02-13,64700
63271,1021977,32185,2024-02-13,129482
122700,1037928,126476,2024-02-13,122840
113684,1035974,39530,2024-02-13,121848
116531,1031955,18407,2024-02-13,108116
109776,1016689,42549,2024-02-13,103591
39713,1037086,76476,2024-02-13,123584
46386,1021459,122966,2024-02-13,73976
16273,1029806,98686,2024-02-13,67216
29929,1014092,61229,2024-02-13,102198
47585,1032498,84420,2024-02-13,124382
47833,1043156,69007,2024-02-13,127903
109869,1022545,13937,2024-02-13,158492
63259,1028666,45168,2024-02-13,121033
109088,1049726,113548,2024-02-13,117043
63040,1024336,33578,2024-02-13,151229
72576,1048287,116915,2024-02-13,62832
123789,1025845,118125,2024-02-13,66903
47975,1046528,115794,2024-02-13,126251
122742,1035426,123782,2024-02-13,121873
98862,1018366,41889,2024-02-13,121137
83436,1042267,88277,2024-02-13,82012
89366,1042967,11455,2024-02-13,89097
85416,1013838,99412,2024-02-13,123020
17719,1033360,51641,2024-02-13,101913
14001,1017752,77204,2024-02-13,105711
53764,1025004,122734,2024-02-13,109272
89225,1021591,109341,2024-02-13,125116
81023,1034301,74944,2024-02-13,82227
79433,1017106,95116,2024-02-13,112078
35291,1026961,116496,2024-02-13,102894
88640,1011017,37944,2024-02-13,81479
58290,1043001,65377,2024-02-13,77424
88440,1015502,32545,2024-02-13,72587
129346,1015003,125187,2024-02-13,105861
42008,1037558,12368,2024-02-13,66535
11866,1034299,127741,2024-02-13,53680
28445,1023500,26796,2024-02-13,84338
106352,1047779,17370,2024-02-13,129910
26268,1015929,37348,2024-02-13,109606
81961,1029893,121237,2024-02-13,69558
45609,1019038,29589,2024-02-13,127616
67559,1024754,61000,2024-02-13,121770
69633,1037370,51127,2024-02-13,106077
27676,1044002,44485,2024-02-13,108024
66618,1019100,78324,2024-02-13,126681
42367,1018973,118682,2024-02-13,86684
65325,1017149,94246,2024-02-13,113568
28057,1043665,24075,2024-02-13,125410
91220,1033029,43385,2024-02-13,123522
111352,1049474,91067,2024-02-13,112909
95266,1038642,41121,2024-02-13,121524
12719,1023112,17724,2024-02-13,87055
109093,1013127,121070,2024-02-13,126153
16877,1016707,67051,2024-02-13,129695
43212,1046584,21808,2024-02-13,103220
98381,1047060,92569,2024-02-13,128861
63179,1018029,83459,2024-02-13,122815
35967,1023446,129503,2024-02-13,109042
81848,1039812,83282,2024-02-13,78662
116961,1049360,64637,2024-02-13,125805
67628,1049131,37109,2024-02-13,106481
94276,1011833,89962,2024-02-13,154483
49247,1046746,63958,2024-02-13,125246
23311,1024116,22823,2024-02-13,116924
11135,1022605,99612,2024-02-13,56427
116138,1015132,111230,2024-02-13,112901
93685,1039205,65274,2024-02-13,77406
29701,1018330,74861,2024-02-13,109219
106561,1039210,21892,2024-02-13,103515
62846,1037012,114489,2024-02-13,109480
86430,1012259,95994,2024-02-13,63772
118922,1031865,119612,2024-02-13,126599
18508,1013825,68992,2024-02-13,83338
37972,1029069,99653,2024-02-13,155655
55903,1021799,106143,2024-02-13,122774
123811,1025538,116896,2024-02-13,67484
74859,1024325,75987,2024-02-13,77916
67717,1043650,54836,2024-02-13,125380
46459,1028713,78290,2024-02-13,128314
89968,1036663,57386,2024-02-13,88555
15773,1049588,114313,2024-02-13,107681
75316,1011759,33108,2024-02-13,77696
105337,1048268,121328,2024-02-13,127294
103519,1042068,76005,2024-02-13,105895
46304,1014003,117420,2024-02-13,56000
96912,1025082,69354,2024-02-13,107629
94527,1033605,17310,2024-02-13,126822
103068,1024591,67311,2024-02-13,72781
114972,1037281,58523,2024-02-13,79440
103351,1016040,18948,2024-02-13,102293
91522,1048540,116088,2024-02-13,114990
95395,1039355,89728,2024-02-13,122250
97539,1013043,115306,2024-02-13,157972
27081,1023143,127773,2024-02-13,73577
12209,1022702,72004,2024-02-13,71383
48363,1047535,41514,2024-02-13,108481
108267,1041082,81611,2024-02-13,89087
66939,1036259,57443,2024-02-13,85345
92110,1035829,97681,2024-02-13,65906
61842,1012125,28363,2024-02-13,64974
112500,1025513,12803,2024-02-13,107836
21027,1023102,37100,2024-02-13,114073
109720,1038826,12737,2024-02-13,62780
16124,1021751,43640,2024-02-13,67900
126434,1031316,56801,2024-02-13,105360
97027,1011855,63745,2024-02-13,63112
71173,1014911,45571,2024-02-13,102687
68729,1026861,11269,2024-02-13,123230
86194,1019394,16836,2024-02-13,106868
56938,1025966,103558,2024-02-13,84877
72895,1012835,14347,2024-02-13,64362
128853,1016019,111765,2024-02-13,66978
35456,1014273,37059,2024-02-13,53339
58030,1034550,83874,2024-02-13,79752
24555,1048848,124768,2024-02-13,106671
34736,1016746,15678,2024-02-13,105233
67385,1031089,47313,2024-02-13,124718
119667,1042994,104159,2024-02-13,104731
41530,1047518,87964,2024-02-13,106229
107900,1033104,57149,2024-02-13,84804
109836,1016179,55696,2024-02-13,64162
33625,1035212,123135,2024-02-13,72518
113426,1038045,119576,2024-02-13,127861
103859,1049553,63113,2024-02-13,156487
119133,1023310,73165,2024-02-13,154696
78777,1018552,106838,2024-02-13,128757
47940,1013366,77641,2024-02-13,121831
118623,1028682,47752,2024-02-13,106113
24846,1029624,78063,2024-02-13,108520
97965,1041724,27520,2024-02-13,105725
123268,1025825,68349,2024-02-13,115135
72287,1018537,124908,2024-02-13,74705
39691,1046059,24442,2024-02-13,154287
61862,1018519,47437,2024-02-13,105252
26878,1028271,125885,2024-02-13,52588
28698,1013804,49139,2024-02-13,61318
124091,1016563,68879,2024-02-13,127854
41935,1045060,26400,2024-02-13,102572
17973,1043442,48715,2024-02-13,53934
126424,1023025,126711,2024-02-13,118185
79454,1011478,122385,2024-02-13,52669
99845,1043078,129798,2024-02-13,106928
62122,1045016,68617,2024-02-13,154242
111449,1029281,16827,2024-02-13,102553
55936,1046412,76324,2024-02-13,125477
26634,1028886,65019,2024-02-13,85168
99981,1018365,114890,2024-02-13,81329
82109,1015584,36004,2024-02-13,64786
66955,1019705,14337,2024-02-13,79743
111341,1027338,49244,2024-02-13,128730
43126,1026127,87941,2024-02-13,108984
46977,1049682,127424,2024-02-13,86358
26108,1022985,92619,2024-02-13,157409
52985,1019729,82385,2024-02-13,109544
71184,1012606,104334,2024-02-13,103730
91774,1036515,126221,2024-02-13,126466
97011,1039457,43590,2024-02-13,86559
45694,1049859,84781,2024-02-13,102493
35647,1018130,36074,2024-02-13,102155
39538,1042731,12565,2024-02-13,101995
35440,1019140,36481,2024-02-13,124242
27715,1033264,95383,2024-02-13,151579
95392,1048754,64556,2024-02-13,86478
12226,1029210,57656,2024-02-13,103335
86563,1021446,48937,2024-02-13,73031
13866,1036873,107003,2024-02-13,102800
99128,1031871,93113,2024-02-13,89323
84677,1029429,58073,2024-02-13,158501
38049,1016633,22445,2024-02-13,81903
117298,1011830,72428,2024-02-13,115504
27965,1014940,107095,2024-02-13,109256
102919,1043045,88872,2024-02-13,86247
28822,1036095,75933,2024-02-13,102655
32251,1042120,93498,2024-02-13,85383
75673,1047180,69712,2024-02-13,75798
118540,1019672,89371,2024-02-13,84502
86979,1036092,113549,2024-02-13,88175
39707,1026926,85221,2024-02-13,105020
56781,1035032,127668,2024-02-13,157139
34411,1048004,86599,2024-02-13,78377
26731,1012301,44479,2024-02-13,58966
91838,1043181,77160,2024-02-13,107548
64765,1045031,107357,2024-02-13,84094
53603,1026007,47423,2024-02-13,124798
111980,1037836,26181,2024-02-13,61882
108102,1024847,123114,2024-02-13,122692
59831,1035763,99334,2024-02-13,78769
51167,1032061,56423,2024-02-13,84565
105030,1025198,36901,2024-02-13,79298
67159,1049592,84918,2024-02-13,113152
43168,1019247,68012,2024-02-13,103005
35457,1017017,15943,2024-02-13,102374
105086,1022609,108120,2024-02-13,105915
41575,1026066,94283,2024-02-13,54363
92488,1021255,25706,2024-02-13,157856
18718,1022022,111706,2024-02-13,121760
21727,1013378,58152,2024-02-13,88667
127576,1035639,111172,2024-02-13,79316
56468,1015801,54632,2024-02-13,87816
27712,1039811,89133,2024-02-13,126449
57363,1036496,81961,2024-02-13,69705
32064,1021672,51710,2024-02-13,102896
17961,1021505,53738,2024-02-13,108426
31626,1037497,34772,2024-02-13,82616
31765,1032999,114408,2024-02-13,104995
107166,1032508,84690,2024-02-13,117684
37225,1023472,106596,2024-02-13,101367
23835,1021219,99390,2024-02-13,73797
103927,1033653,85320,2024-02-13,85985
92355,1018919,99865,2024-02-13,63435
32757,1028636,31886,2024-02-13,66865
31954,1032077,51637,2024-02-13,155573
112187,1022853,35337,2024-02-13,159745
73137,1039149,24874,2024-02-13,119135
103802,1019674,18886,2024-02-13,84580
116734,1034620,14544,2024-02-13,57938
69873,1026702,89253,2024-02-13,107946
84448,1012192,54849,2024-02-13,77784
71792,1024649,22515,2024-02-13,76325
69008,1032559,55222,2024-02-13,111368
55412,1039148,26954,2024-02-13,151265
121574,1036140,106695,2024-02-13,108409
36093,1043509,126959,2024-02-13,107205
68138,1025729,48854,2024-02-13,114277
125475,1022090,52641,2024-02-13,123486
64199,1023014,15292,2024-02-13,123422
79073,1017653,37558,2024-02-13,82632
93321,1043411,47486,2024-02-13,118630
52669,1026898,43040,2024-02-13,62710
124809,1013481,85524,2024-02-13,79163
109619,1032275,118001,2024-02-13,112045
44308,1022183,42770,2024-02-13,51552
94289,1028333,25513,2024-02-13,106628
56991,1019111,61486,2024-02-13,74606
59569,1016732,34620,2024-02-13,154261
89583,1022219,95020,2024-02-13,82468
38568,1043371,61892,2024-02-13,124706
78918,1031681,13429,2024-02-13,121159
92398,1026274,63336,2024-02-13,86663
96714,1045971,69213,2024-02-13,127205
78730,1023761,64650,2024-02-13,104181
69785,1016586,46019,2024-02-13,122614
34327,1047662,76569,2024-02-13,103851
22133,1044589,26287,2024-02-13,56679
41084,1049548,37412,2024-02-13,108739
37683,1027345,128881,2024-02-13,75557
125410,1033344,66339,2024-02-13,129334
53957,1017050,16509,2024-02-13,61863
18348,1037337,15739,2024-02-13,113670
108167,1024023,36006,2024-02-13,111194
89165,1029026,46295,2024-02-13,124211
47627,1042417,94941,2024-02-13,101058
85174,1026483,16047,2024-02-13,121870
47343,1038576,84205,2024-02-13,104592
67928,1046309,101519,2024-02-13,119558
108454,1022185,107364,2024-02-13,125927
91995,1048805,117183,2024-02-13,78149
57590,1029455,36491,2024-02-13,108989
117989,1043543,109356,2024-02-13,115435
123392,1045966,83108,2024-02-13,55657
55641,1029200,116017,2024-02-13,56277
61922,1018120,42370,2024-02-13,109300
17534,1016308,34246,2024-02-13,73522
35808,1025803,99232,2024-02-13,58531
105512,1028167,56635,2024-02-13,65552
24726,1031571,72042,2024-02-13,81830
96248,1045478,107705,2024-02-13,68324
105774,1013392,45328,2024-02-13,104468
111605,1031601,34182,2024-02-13,124281
55956,1049374,84670,2024-02-13,57857
39396,1031860,39179,2024-02-13,129493
39069,1018728,64816,2024-02-13,54446
97049,1031624,127583,2024-02-13,63572
109966,1035361,82661,2024-02-13,58080
45515,1018216,124148,2024-02-13,155795
103424,1027261,69444,2024-02-13,51800
91647,1032669,66935,2024-02-13,151181
71992,1036960,129852,2024-02-13,106224
67307,1042334,123547,2024-02-13,57454
75643,1029678,128924,2024-02-13,87830
66241,1045561,49813,2024-02-13,116886
69085,1043115,22868,2024-02-13,59685
46877,1043215,38069,2024-02-13,123678
125845,1044061,89353,2024-02-13,68172
112143,1013647,112973,2024-02-13,114268
119860,1023062,117171,2024-02-13,158677
121314,1041778,24152,2024-02-13,54568
53036,1045299,55309,2024-02-13,74648
39778,1011514,128669,2024-02-13,158656
107133,1021327,91735,2024-02-13,54706
57575,1023660,23253,2024-02-13,69521
82094,1029617,42035,2024-02-13,111014
79948,1018750,83830,2024-02-13,128946
23269,1015387,35436,2024-02-13,103648
89026,1038969,58909,2024-02-13,124658
59480,1029700,121001,2024-02-13,156986
77077,1014271,96405,2024-02-13,102221
95353,1032032,108906,2024-02-13,54792
116364,1033799,68080,2024-02-13,88928
83899,1034268,93262,2024-02-13,157807
39780,1047146,15530,2024-02-13,51601
95416,1037987,47076,2024-02-13,157109
19317,1022475,79036,2024-02-13,101253
47812,1038684,89453,2024-02-13,107419
89670,1015744,77442,2024-02-13,121556
36414,1012547,127322,2024-02-13,88826
45575,1031512,103972,2024-02-13,107895
72362,1042514,57046,2024-02-13,115736
31271,1023263,61088,2024-02-13,112164
118224,1038964,39035,2024-02-13,126812
86022,1049882,37027,2024-02-13,104973
72407,1032803,15389,2024-02-13,57466
109893,1049458,33773,2024-02-13,88822
75859,1043118,71221,2024-02-13,122354
118271,1049927,27105,2024-02-13,75606
15007,1038173,106380,2024-02-13,121810
68799,1039655,15054,2024-02-13,123184
55517,1046687,47150,2024-02-13,62456
112815,1018028,33943,2024-02-13,129022
84907,1046997,111689,2024-02-13,52514
129193,1017074,34816,2024-02-13,107763
114151,1016481,46149,2024-02-13,122435
128935,1038520,18952,2024-02-13,103258
82327,1029701,16114,2024-02-13,79104
34329,1041900,54796,2024-02-13,121176
72388,1022939,49208,2024-02-13,67358
126842,1022586,113144,2024-02-13,107411
115754,1022184,74110,2024-02-13,122942
36847,1017832,12045,2024-02-13,125034
35239,1041459,33105,2024-02-13,53048
37813,1039911,83957,2024-02-13,122850
87855,1042233,19763,2024-02-13,112703
42333,1025340,119895,2024-02-13,155546
122439,1029933,56063,2024-02-13,88843
77781,1032742,97993,2024-02-13,103933
113621,1035437,104853,2024-02-13,115392
68043,1025380,84347,2024-02-13,57382
35577,1024977,102218,2024-02-13,152567
42216,1012715,89397,2024-02-13,126752
83715,1021023,53811,2024-02-13,159392
96450,1045059,49541,2024-02-13,58855
22184,1033521,65773,2024-02-13,109928
81712,1042364,31516,2024-02-13,109754
12820,1039307,114194,2024-02-13,104739
116616,1029442,29366,2024-02-13,116442
126267,1022406,129892,2024-02-13,114355
52225,1017104,115965,2024-02-13,117475
97624,1024227,77140,2024-02-13,67091
64599,1017817,54525,2024-02-13,125578
37624,1032160,19688,2024-02-13,128259
91850,1038166,18002,2024-02-13,125451
36998,1044934,24057,2024-02-13,108766
85716,1014408,36246,2024-02-13,121721
12026,1026162,34139,2024-02-13,128627
37471,1041897,108076,2024-02-13,106825
26017,1048180,81626,2024-02-13,154574
73275,1018059,55308,2024-02-13,106428
82099,1049954,57091,2024-02-13,83929
127621,1025320,65118,2024-02-13,87895
14418,1021721,44059,2024-02-13,78650
68642,1048780,95847,2024-02-13,126927
46847,1028741,71176,2024-02-13,78935
97660,1049266,121832,2024-02-13,79411
51595,1021675,57234,2024-02-13,89581
74117,1015712,18222,2024-02-13,116408
64769,1047305,15006,2024-02-13,89427
48075,1047188,43020,2024-02-13,88951
86004,1023290,51288,2024-02-13,103539
87449,1045369,15102,2024-02-13,66402
56242,1017510,23265,2024-02-13,72870
123721,1026527,69500,2024-02-13,83893
54685,1018870,62892,2024-02-13,154777
97369,1027119,118186,2024-02-13,89080
19098,1049962,119448,2024-02-13,52182
94531,1017374,69267,2024-02-13,64626
82234,1041246,32720,2024-02-13,84136
104192,1035527,125657,2024-02-13,121916
82111,1018060,41495,2024-02-13,109976
14814,1045157,93613,2024-02-13,104409
37516,1013130,101248,2024-02-13,158040
47397,1034002,72628,2024-02-13,61757
79389,1035960,72213,2024-02-13,124937
21132,1037247,78319,2024-02-13,128236
111168,1017774,74470,2024-02-13,105642
68927,1041345,84402,2024-02-13,84080
12790,1028033,59172,2024-02-13,69124
117197,1021869,108916,2024-02-13,64463
99230,1048485,97823,2024-02-13,73396
97049,1016786,14459,2024-02-13,126527
84672,1021361,94576,2024-02-13,56106
126121,1013515,114361,2024-02-13,125707
25927,1042940,16351,2024-02-13,89052
35936,1022923,111750,2024-02-13,83921
25256,1023873,26384,2024-02-13,105819
26829,1018647,41896,2024-02-13,86130
28094,1014481,45269,2024-02-13,66930
104578,1015811,103360,2024-02-13,129869
93892,1031562,41953,2024-02-13,127564
68996,1032445,57467,2024-02-13,52474
58801,1013517,39806,2024-02-13,153902
36278,1029532,49790,2024-02-13,101942
124179,1035292,39213,2024-02-13,118285
84771,1019705,79433,2024-02-13,128552
125110,1024718,107677,2024-02-13,122187
92079,1044886,64756,2024-02-13,88377
18660,1031664,113028,2024-02-13,85098
15092,1024286,102239,2024-02-13,126456
127182,1022549,77551,2024-02-13,103081
115737,1021804,43269,2024-02-13,88144
88673,1038631,79578,2024-02-13,71626
25778,1042264,103189,2024-02-13,64552
118274,1023718,58470,2024-02-13,81146
23215,1013313,31832,2024-02-13,66397
76219,1042038,36059,2024-02-13,81566
65293,1024370,91245,2024-02-13,108515
47529,1048821,104958,2024-02-13,106773
122037,1011784,97386,2024-02-13,125678
98948,1025117,44758,2024-02-13,55689
129699,1018492,112059,2024-02-13,124149
82627,1033155,22443,2024-02-13,101584
91679,1046148,93461,2024-02-13,84228
103349,1038118,38373,2024-02-13,66644
48085,1045036,45178,2024-02-13,106143
75369,1038747,52285,2024-02-13,74896
25320,1041354,12493,2024-02-13,122337
48126,1024248,12809,2024-02-13,105436
24422,1043943,63720,2024-02-13,105615
122713,1044690,59699,2024-02-13,85877
83859,1023273,41211,2024-02-13,63502
44322,1048759,103852,2024-02-13,104610
64446,1026130,89418,2024-02-13,102623
109107,1042486,93791,2024-02-13,152831
31045,1025610,106271,2024-02-13,121737
17397,1037181,37824,2024-02-13,63515
52718,1026931,75725,2024-02-13,73503
74513,1029746,82911,2024-02-13,86630
89256,1023731,77126,2024-02-13,104611
95302,1046490,105975,2024-02-13,109165
129798,1032719,44591,2024-02-13,129303
91222,1015243,69693,2024-02-13,115417
103837,1027991,17090,2024-02-13,82908
121887,1018482,17667,2024-02-13,159483
114840,1045490,78780,2024-02-13,54484
98103,1017939,116464,2024-02-13,117666
121545,1028180,77667,2024-02-13,125464
36855,1011506,126782,2024-02-13,118041
24372,1048644,34418,2024-02-13,74569
