sale_id,product_id,saledate,quantitysold
1,1,2025-02-01,5
2,2,2025-02-03,4
3,3,2025-02-04,3
4,4,2025-02-06,2
5,5,2025-02-08,6
6,6,2025-02-10,2
7,7,2025-02-09,5
8,8,2025-02-10,4
9,9,2025-02-03,4
10,10,2025-02-05,5
11,11,2025-02-07,7
12,12,2025-02-09,6
107569,27813,2024-01-04,24220
74728,73674,2024-01-04,72693
115862,114410,2024-01-04,59274
77460,47787,2024-01-04,23241
33491,119486,2024-01-04,28300
96999,51076,2024-01-04,27264
67955,69275,2024-01-04,42589
96660,31791,2024-01-04,28702
121629,44616,2024-01-04,33934
51866,59833,2024-01-04,53945
13410,106208,2024-01-04,35904
53625,99209,2024-01-04,25456
107494,47688,2024-01-04,31472
29135,68477,2024-01-04,44621
114161,39727,2024-01-04,25805
127906,128654,2024-01-04,77458
49236,56930,2024-01-04,51211
87903,31290,2024-01-04,44136
94518,32411,2024-01-04,32322
39481,89178,2024-01-04,31397
88370,104239,2024-01-04,21747
101476,122635,2024-01-04,58112
81197,41450,2024-01-04,54583
67762,84284,2024-01-04,34711
23310,48689,2024-01-04,78339
99368,99309,2024-01-04,32592
117463,79971,2024-01-04,47714
31942,44375,2024-01-04,59141
106156,64397,2024-01-04,29807
47504,118487,2024-01-04,63205
103642,29800,2024-01-04,54319
114334,93396,2024-01-04,45740
125597,92729,2024-01-04,52865
128532,105044,2024-01-04,53988
31499,106074,2024-01-04,45774
18076,95399,2024-01-04,43316
19815,47190,2024-01-04,62781
13142,106446,2024-01-04,23772
124041,27784,2024-01-04,22707
63501,125302,2024-01-04,55103
29059,47854,2024-01-04,42576
53695,108028,2024-01-04,29106
116340,111044,2024-01-04,47944
118623,84584,2024-01-04,41408
84082,119530,2024-01-04,48886
58944,31786,2024-01-04,79698
93408,61334,2024-01-04,41498
126428,13091,2024-01-04,46448
91443,55580,2024-01-04,57060
117867,117216,2024-01-04,46255
112307,96444,2024-01-04,23348
77445,81281,2024-01-04,54005
72710,107778,2024-01-04,57140
116068,121663,2024-01-04,63219
52415,47435,2024-01-04,78106
78806,121619,2024-01-04,62333
96249,75590,2024-01-04,68284
79315,104939,2024-01-04,29934
68117,64740,2024-01-04,56381
75904,74715,2024-01-04,64725
117186,123110,2024-01-04,22836
76494,122815,2024-01-04,65512
61037,14403,2024-01-04,57669
57271,125077,2024-01-04,63448
93364,36780,2024-01-04,53452
17362,23933,2024-01-04,36851
89456,57845,2024-01-04,37217
34176,105514,2024-01-04,52720
124351,92997,2024-01-04,77344
35590,76711,2024-01-04,24806
127277,98512,2024-01-04,33265
28150,39535,2024-01-04,53304
45491,122283,2024-01-04,55380
123457,86116,2024-01-04,64801
97763,104174,2024-01-04,56894
126772,66242,2024-01-04,61378
45616,92693,2024-01-04,47239
27290,39970,2024-01-04,56968
75052,34417,2024-01-04,47826
63499,32343,2024-01-04,66769
74767,113749,2024-01-04,47286
58187,77216,2024-01-04,57946
38535,79762,2024-01-04,53640
124962,45326,2024-01-04,43179
114290,52373,2024-01-04,73628
68051,84885,2024-01-04,38436
72415,43791,2024-01-04,55254
128982,56061,2024-01-04,56650
13434,106785,2024-01-04,21379
57719,118200,2024-01-04,58213
26008,68366,2024-01-04,55368
103686,33074,2024-01-04,36745
85005,37825,2024-01-04,43603
103334,45198,2024-01-04,26983
89121,85901,2024-01-04,29212
116168,94239,2024-01-04,44457
53594,77820,2024-01-04,59943
33738,37340,2024-01-04,45320
99448,125563,2024-01-04,59212
14277,31556,2024-01-04,42758
115549,25619,2024-01-04,26395
103806,35373,2024-01-04,44849
32468,81799,2024-01-04,68515
121039,65111,2024-01-04,51620
105936,13085,2024-01-04,46389
117186,52842,2024-01-04,79706
18637,58682,2024-01-04,27814
64540,69081,2024-01-04,51080
36229,117502,2024-01-04,44113
26803,106838,2024-01-04,23058
67912,66057,2024-01-04,22005
111904,63098,2024-01-04,23764
18074,46274,2024-01-04,51968
45864,129624,2024-01-04,51773
118462,116940,2024-01-04,49667
54676,25592,2024-01-04,43630
59131,48086,2024-01-04,29952
123184,87960,2024-01-04,78298
116840,71184,2024-01-04,66760
16663,108960,2024-01-04,75930
89719,55933,2024-01-04,47748
16962,51462,2024-01-04,27282
101207,19452,2024-01-04,59947
86691,25820,2024-01-04,61207
41016,128381,2024-01-04,57989
87386,66850,2024-01-04,57515
88947,42103,2024-01-04,23670
77203,82183,2024-01-04,32572
39637,129137,2024-01-04,55369
91771,103293,2024-01-04,46186
54505,83849,2024-01-04,41779
26292,126373,2024-01-04,55217
48071,89776,2024-01-04,46613
57826,101262,2024-01-04,26561
82774,112483,2024-01-04,47779
95294,101184,2024-01-04,61504
104900,124630,2024-01-04,55663
16642,91268,2024-01-04,48842
109113,29498,2024-01-04,36464
55878,96976,2024-01-04,61880
58028,73623,2024-01-04,41526
42323,114706,2024-01-04,22932
16963,92339,2024-01-04,44373
48034,112106,2024-01-04,46472
111531,75728,2024-01-04,28229
87824,71365,2024-01-04,27871
114831,106007,2024-01-04,59390
41846,75883,2024-01-04,41740
23535,55512,2024-01-04,43794
35501,111015,2024-01-04,53956
15279,108864,2024-01-04,25271
38957,97675,2024-01-04,27664
63277,17443,2024-01-04,56495
113992,105245,2024-01-04,51414
94293,126593,2024-01-04,49347
18094,123828,2024-01-04,65986
108820,53706,2024-01-04,61137
127340,87056,2024-01-04,58128
53215,26478,2024-01-04,62286
75568,76561,2024-01-04,57871
17472,56361,2024-01-04,45928
22615,27294,2024-01-04,33366
69026,129209,2024-01-04,53049
61568,11561,2024-01-04,29677
28305,74004,2024-01-04,63451
106767,42531,2024-01-04,25749
79397,28750,2024-01-04,51505
65348,57326,2024-01-04,43556
35458,85749,2024-01-04,27659
37841,14970,2024-01-04,29737
94038,62054,2024-01-04,56368
42852,72977,2024-01-04,59283
33111,62837,2024-01-04,38719
126758,88979,2024-01-04,61069
69526,16079,2024-01-04,47334
52700,25250,2024-01-04,65875
41083,25460,2024-01-04,57603
53644,11286,2024-01-04,68686
79927,85698,2024-01-04,25253
71663,28152,2024-01-04,23160
11675,85967,2024-01-04,48725
126920,59884,2024-01-04,62423
124176,91220,2024-01-04,67992
59221,19030,2024-01-04,61950
46086,99521,2024-01-04,69010
56625,118335,2024-01-04,43617
29221,46469,2024-01-04,73077
92784,51248,2024-01-04,65274
51019,101000,2024-01-04,37258
102548,29247,2024-01-04,53455
77213,51465,2024-01-04,41505
39429,48046,2024-01-04,42365
129572,81290,2024-01-04,41694
65644,39366,2024-01-04,59616
102916,23002,2024-01-04,68194
88790,62540,2024-01-04,22746
45345,107912,2024-01-04,76280
95162,37495,2024-01-04,64916
51987,28159,2024-01-04,79984
86215,62770,2024-01-04,54376
15314,101588,2024-01-04,53817
26014,113288,2024-01-04,68591
54631,53597,2024-01-04,45185
107153,18493,2024-01-04,43311
11835,88337,2024-01-04,72786
74000,93096,2024-01-04,46560
33472,99189,2024-01-04,61538
56292,56362,2024-01-04,46399
104880,38685,2024-01-04,26841
83529,88042,2024-01-04,57704
19636,73509,2024-01-04,61618
117732,126577,2024-01-04,28777
92106,63846,2024-01-04,33180
76123,55735,2024-01-04,46542
23968,85290,2024-01-04,62050
12222,58210,2024-01-04,31169
19970,75547,2024-01-04,57956
63620,39709,2024-01-04,33336
71326,108206,2024-01-04,65304
104126,54231,2024-01-04,45645
87184,38322,2024-01-04,71558
21601,22721,2024-01-04,51404
119951,74725,2024-01-04,66545
61928,68792,2024-01-04,45057
128137,66451,2024-01-04,66824
79792,62144,2024-01-04,55275
29781,19140,2024-01-04,33715
91798,112618,2024-01-04,61583
104206,83585,2024-01-04,57859
122947,47698,2024-01-04,45250
28883,58920,2024-01-04,27685
116996,98281,2024-01-04,34412
29872,123586,2024-01-04,69809
118942,101804,2024-01-04,46035
124519,82744,2024-01-04,44881
38239,12339,2024-01-04,27035
89325,33402,2024-01-04,44243
19774,57135,2024-01-04,57027
94966,54230,2024-01-04,26826
22049,29515,2024-01-04,26495
64517,45199,2024-01-04,53699
29260,96547,2024-01-04,58012
76850,109709,2024-01-04,58642
102510,56722,2024-01-04,44554
88662,37843,2024-01-04,46316
32764,92707,2024-01-04,64897
123547,72651,2024-01-04,42091
53769,27590,2024-01-04,42585
61177,54365,2024-01-04,58979
61385,57767,2024-01-04,69933
89938,52891,2024-01-04,68945
49833,75534,2024-01-04,48805
15361,95992,2024-01-04,51378
84977,121319,2024-01-04,46768
97139,37278,2024-01-04,27606
18236,125794,2024-01-04,57873
128011,111570,2024-01-04,49095
87345,11367,2024-01-04,65195
77948,64902,2024-01-04,76569
11052,29944,2024-01-04,43450
38362,85933,2024-01-04,31380
83379,49458,2024-01-04,57764
28596,78985,2024-01-04,47459
46063,115702,2024-01-04,21002
98071,87130,2024-01-04,61498
17325,54058,2024-01-04,23434
91494,121649,2024-01-04,29117
63101,66705,2024-01-04,24767
92631,51472,2024-01-04,46176
76898,51799,2024-01-04,52394
112551,88441,2024-01-04,57514
53374,81532,2024-01-04,47185
14624,33199,2024-01-04,53859
71632,83492,2024-01-04,47520
103514,116429,2024-01-04,62852
64576,17084,2024-01-04,78748
66659,108572,2024-01-04,43008
37755,126263,2024-01-04,27665
125514,52109,2024-01-04,38046
98902,46945,2024-01-04,34252
123843,119656,2024-01-04,43755
101433,128393,2024-01-04,69118
21560,14392,2024-01-04,42017
119007,119179,2024-01-04,56105
65695,68060,2024-01-04,44053
28997,128851,2024-01-04,48999
24201,122418,2024-01-04,27404
95068,44028,2024-01-04,67011
55211,87743,2024-01-04,46726
95937,28547,2024-01-04,31905
76703,95933,2024-01-04,57127
61867,102547,2024-01-04,39142
17063,93069,2024-01-04,56233
114437,103601,2024-01-04,38960
107465,24402,2024-01-04,27731
29550,42157,2024-01-04,25910
93843,33136,2024-01-04,59832
25336,85256,2024-01-04,63313
27864,72156,2024-01-04,61936
21571,35936,2024-01-04,47768
29335,12546,2024-01-04,24164
15565,11498,2024-01-04,43452
48607,24912,2024-01-04,61443
45142,99568,2024-01-04,43760
82302,105429,2024-01-04,37201
27049,78110,2024-01-04,51732
27281,27461,2024-01-04,59341
69891,77128,2024-01-04,66169
31926,107161,2024-01-04,72914
101039,67526,2024-01-04,48428
51919,112077,2024-01-04,59281
104554,31184,2024-01-04,49061
73322,122515,2024-01-04,53581
49497,104148,2024-01-04,46696
74741,124328,2024-01-04,45040
109096,127869,2024-01-04,47187
69916,94774,2024-01-04,69907
89701,93530,2024-01-04,53193
37291,42143,2024-01-04,25828
112810,26079,2024-01-04,78741
46170,44463,2024-01-04,63089
77171,91263,2024-01-04,25982
102224,62151,2024-01-04,58329
52067,123915,2024-01-04,51758
13126,14899,2024-01-04,76989
89046,23064,2024-01-04,66782
106419,21056,2024-01-04,61081
106978,91746,2024-01-04,48685
107366,126135,2024-01-04,61481
31159,41092,2024-01-04,73580
109045,27011,2024-01-04,61430
115286,23655,2024-01-04,45775
115283,12622,2024-01-04,75944
66698,76386,2024-01-04,74790
78196,88446,2024-01-04,39369
75283,88025,2024-01-04,24073
44983,126033,2024-01-04,27349
64898,105756,2024-01-04,46973
59981,66508,2024-01-04,25147
65463,57195,2024-01-04,37250
124075,114210,2024-01-04,52992
13142,28782,2024-01-04,53738
78108,12901,2024-01-04,44284
79573,54203,2024-01-04,44823
94503,48188,2024-01-04,52796
109359,111943,2024-01-04,22451
13019,53263,2024-01-04,52100
19612,29314,2024-01-04,62512
17767,18024,2024-01-04,46811
13890,35444,2024-01-04,45412
71455,84176,2024-01-04,38411
59173,74475,2024-01-04,64556
52162,64865,2024-01-04,25961
41709,71385,2024-01-04,64905
72946,34327,2024-01-04,53106
35734,61958,2024-01-04,27306
109474,84639,2024-01-04,21142
59467,61146,2024-01-04,26482
19713,35691,2024-01-04,42039
106395,98375,2024-01-04,43080
22179,61422,2024-01-04,65353
103187,39092,2024-01-04,29581
105260,51640,2024-01-04,66200
75321,83200,2024-01-04,53769
83405,101601,2024-01-04,79134
19640,42574,2024-01-04,29199
118951,56157,2024-01-04,53074
15002,74209,2024-01-04,62215
15936,87760,2024-01-04,47857
106297,12478,2024-01-04,32650
87330,12738,2024-01-04,24119
38166,15380,2024-01-04,26731
62099,34228,2024-01-04,61190
32632,96779,2024-01-04,69061
114870,65471,2024-01-04,21203
27697,43697,2024-01-04,55443
79837,63096,2024-01-04,79292
67939,128240,2024-01-04,56851
44099,84633,2024-01-04,63552
35343,66222,2024-01-04,66569
128468,117107,2024-01-04,59980
69340,57083,2024-01-04,56262
91127,102055,2024-01-04,37038
15255,56401,2024-01-04,41744
28341,112703,2024-01-04,52687
116079,105314,2024-01-04,49281
119898,116477,2024-01-04,43458
37315,55510,2024-01-04,54835
104381,39137,2024-01-04,51207
35851,36690,2024-01-04,59820
115360,81933,2024-01-04,61301
96427,43546,2024-01-04,32461
112768,105071,2024-01-04,67142
119486,125375,2024-01-04,55879
58259,58380,2024-01-04,76144
36980,28062,2024-01-04,67144
123573,94013,2024-01-04,73710
57706,21352,2024-01-04,24623
112977,12741,2024-01-04,59163
16199,84239,2024-01-04,54396
62398,98226,2024-01-04,64123
71952,24195,2024-01-04,43854
116855,56086,2024-01-04,47908
119841,91904,2024-01-04,23466
42206,127787,2024-01-04,57103
81761,106951,2024-01-04,51536
17705,15953,2024-01-04,28117
115256,124755,2024-01-04,52889
76822,39627,2024-01-04,44103
69879,24026,2024-01-04,44062
26994,129605,2024-01-04,45779
113233,14234,2024-01-04,71748
47436,77429,2024-01-04,29600
65422,76516,2024-01-04,23424
55842,89779,2024-01-04,64358
13322,56820,2024-01-04,52841
35479,89296,2024-01-04,78033
69052,56478,2024-01-04,23140
123007,31649,2024-01-04,29678
46721,73280,2024-01-04,55730
53028,33135,2024-01-04,35137
27388,29180,2024-01-04,48889
94975,88373,2024-01-04,36283
18356,57605,2024-01-04,44933
79165,74378,2024-01-04,61715
127493,39554,2024-01-04,72571
117972,36823,2024-01-04,41305
69712,77557,2024-01-04,41222
99588,26704,2024-01-04,55268
125598,59096,2024-01-04,49735
75930,71692,2024-01-04,39728
93769,64033,2024-01-04,23733
42397,17413,2024-01-04,46778
58228,36624,2024-01-04,47011
12321,24756,2024-01-04,44943
37232,28081,2024-01-04,56242
86824,28895,2024-01-04,64881
96946,98576,2024-01-04,52792
72761,114302,2024-01-04,68110
92537,71417,2024-01-04,56944
72353,89008,2024-01-04,68794
121343,118049,2024-01-04,37598
96496,33730,2024-01-04,22292
26005,78125,2024-01-04,64485
19292,92949,2024-01-04,55239
64009,44489,2024-01-04,62209
106140,51651,2024-01-04,69616
16271,26879,2024-01-04,44526
71482,92580,2024-01-04,41675
109570,18595,2024-01-04,55837
51570,19886,2024-01-04,46591
38148,37547,2024-01-04,59523
71214,78925,2024-01-04,77053
111920,29699,2024-01-04,62083
36980,72018,2024-01-04,43352
13507,81725,2024-01-04,27322
28678,94805,2024-01-04,44680
115822,104798,2024-01-04,42845
123854,34648,2024-01-04,38364
81815,46822,2024-01-04,21113
67975,19735,2024-01-04,49540
53947,74093,2024-01-04,31343
78315,29571,2024-01-04,75131
107256,27696,2024-01-04,42190
59467,55124,2024-01-04,57336
83356,115876,2024-01-04,55914
57577,99880,2024-01-04,59978
74055,126588,2024-01-04,49239
114649,99390,2024-01-04,23804
116843,44234,2024-01-04,56284
117224,61976,2024-01-04,32666
29674,98783,2024-01-04,33525
107432,51063,2024-01-04,22526
93728,69903,2024-01-04,27371
91812,94674,2024-01-04,46814
76396,18989,2024-01-04,69605
88589,116892,2024-01-04,53884
58978,74111,2024-01-04,46029
42900,12608,2024-01-04,33737
19934,19526,2024-01-04,65550
93414,54286,2024-01-04,64295
39240,121197,2024-01-04,69230
119801,49373,2024-01-04,22920
18243,32833,2024-01-04,43580
102706,88646,2024-01-04,52400
22552,99053,2024-01-04,45921
43995,55817,2024-01-04,66843
21167,101635,2024-01-04,67442
19790,48464,2024-01-04,51189
74254,32265,2024-01-04,51497
59032,109992,2024-01-04,72802
25942,119077,2024-01-04,72406
71352,38158,2024-01-04,74386
103151,38152,2024-01-04,51741
102687,74531,2024-01-04,25410
116195,42659,2024-01-04,53599
26760,38205,2024-01-04,53316
13579,103779,2024-01-04,74124
123182,34092,2024-01-04,72404
92699,24418,2024-01-04,68153
26950,122070,2024-01-04,42124
118538,124370,2024-01-04,58993
109692,123883,2024-01-04,71268
98185,124974,2024-01-04,52493
18815,74381,2024-01-04,67269
107612,53306,2024-01-04,79767
87233,75046,2024-01-04,32175
93487,66903,2024-01-04,67679
57582,122663,2024-01-04,56302
17093,106087,2024-01-04,26456
116179,111104,2024-01-04,28467
96055,108482,2024-01-04,68716
81247,128026,2024-01-04,63658
85615,71892,2024-01-04,39104
14919,47806,2024-01-04,69418
122184,93276,2024-01-04,28876
37010,47741,2024-01-04,56776
125449,117254,2024-01-04,58800
83029,57926,2024-01-04,59006
54317,65367,2024-01-04,69780
122786,66534,2024-01-04,59729
38559,82141,2024-01-04,22440
109577,21547,2024-01-04,57545
26405,64447,2024-01-04,64224
94127,112190,2024-01-04,41890
24177,124915,2024-01-04,27409
79734,63409,2024-01-04,71519
116398,76721,2024-01-04,26514
97762,118083,2024-01-04,23173
88654,109398,2024-01-04,42477
54249,111114,2024-01-04,75586
19746,11333,2024-01-04,38477
74857,59636,2024-01-04,43936
129239,19373,2024-01-04,53595
33494,59304,2024-01-04,44644
65408,88265,2024-01-04,45957
54158,117408,2024-01-04,41238
72358,43576,2024-01-04,58798
36619,124044,2024-01-04,67948
102445,21701,2024-01-04,54975
56783,49010,2024-01-04,43397
93565,43340,2024-01-04,42023
112538,51665,2024-01-04,78812
78353,42341,2024-01-04,29586
62993,17619,2024-01-04,28552
61694,79916,2024-01-04,25545
73968,85353,2024-01-04,67908
49738,103076,2024-01-04,62080
99210,126762,2024-01-04,55440
96226,34181,2024-01-04,44616
11661,42332,2024-01-04,55185
35348,75457,2024-01-04,34223
92523,77671,2024-01-04,77602
129169,26429,2024-01-04,67657
21870,12577,2024-01-04,46111
19441,92843,2024-01-04,73093
112227,62603,2024-01-04,39501
93632,24506,2024-01-04,26821
111065,127308,2024-01-04,41707
24044,67166,2024-01-04,65803
121591,58590,2024-01-04,42704
36836,97390,2024-01-04,62349
41444,38080,2024-01-04,63100
24482,32086,2024-01-04,62772
104271,88676,2024-01-04,42154
98256,101809,2024-01-04,53183
43448,59217,2024-01-04,63193
102470,115606,2024-01-04,72151
116059,26653,2024-01-04,51746
112594,98767,2024-01-04,46811
64884,57297,2024-01-04,23278
99717,126715,2024-01-04,23026
54049,111860,2024-01-04,49066
19740,79209,2024-01-04,72678
121617,59824,2024-01-04,41560
129862,108518,2024-01-04,25711
118294,107214,2024-01-04,49443
44478,119361,2024-01-04,47492
63460,122192,2024-01-04,29848
35595,26870,2024-01-04,22281
58658,126557,2024-01-04,53188
117626,77140,2024-01-04,63161
42237,59690,2024-01-04,63028
121170,67917,2024-01-04,53341
106185,104053,2024-01-04,73601
92361,119175,2024-01-04,79769
92170,12285,2024-01-04,45832
122332,55215,2024-01-04,52806
41407,59715,2024-01-04,53420
47936,23249,2024-01-04,33744
107522,63092,2024-01-04,32034
23929,49807,2024-01-04,26359
112418,57582,2024-01-04,25969
55641,42253,2024-01-04,72919
17324,65546,2024-01-04,34014
49029,86406,2024-01-04,64169
21211,38607,2024-01-04,24264
105045,99363,2024-01-04,55433
121147,54195,2024-01-04,35500
114873,63056,2024-01-04,42033
46446,118156,2024-01-04,57430
108609,28454,2024-01-04,57790
26114,85322,2024-01-04,53649
129044,23630,2024-01-04,66399
97726,48585,2024-01-04,56456
26550,122341,2024-01-04,58011
27095,116633,2024-01-04,68924
32355,57169,2024-01-04,58242
124691,35033,2024-01-04,74975
34035,94136,2024-01-04,48730
119252,26578,2024-01-04,21291
83157,95166,2024-01-04,62597
67859,105606,2024-01-04,52748
78850,115841,2024-01-04,76639
117198,53806,2024-01-04,49684
26050,54581,2024-01-04,54167
49644,73229,2024-01-04,38488
31487,37757,2024-01-04,29163
104342,117805,2024-01-04,42259
76659,37485,2024-01-04,37596
27155,35153,2024-01-04,48839
33416,104508,2024-01-04,52097
109531,69288,2024-01-04,64185
53328,82649,2024-01-04,59966
13399,107759,2024-01-04,52152
96794,83378,2024-01-04,65362
49627,17049,2024-01-04,53063
58032,49286,2024-01-04,69022
44075,63504,2024-01-04,78428
73193,75425,2024-01-04,58447
13426,106935,2024-01-04,67692
15415,113491,2024-01-04,53074
97709,31392,2024-01-04,24190
58115,96504,2024-01-04,58194
105588,75347,2024-01-04,67052
83239,54574,2024-01-04,58803
12314,124892,2024-01-04,21929
47092,77754,2024-01-04,24909
72120,42899,2024-01-04,72517
49112,83087,2024-01-04,38004
75956,68686,2024-01-04,47739
56354,63954,2024-01-04,63077
107417,11237,2024-01-04,66799
122225,115283,2024-01-04,55693
15235,54271,2024-01-04,27746
102716,35127,2024-01-04,28611
67098,29117,2024-01-04,58517
89586,12705,2024-01-04,44263
15795,73018,2024-01-04,28992
109133,95938,2024-01-04,43960
42290,108755,2024-01-04,57393
111938,43061,2024-01-04,43146
75840,68701,2024-01-04,41452
78635,102509,2024-01-04,59935
94446,128073,2024-01-04,25958
24103,61378,2024-01-04,28951
49992,102941,2024-01-04,63692
13928,102649,2024-01-04,79487
22656,45825,2024-01-04,47050
107538,122170,2024-01-04,75877
33352,82793,2024-01-04,21100
121556,71397,2024-01-04,29858
129194,116710,2024-01-04,79675
109752,85318,2024-01-04,56848
23778,19224,2024-01-04,56157
89420,125766,2024-01-04,52528
42120,34605,2024-01-04,67733
94570,119978,2024-01-04,74055
24053,51776,2024-01-04,49280
65733,49479,2024-01-04,26504
48130,16597,2024-01-04,24339
74533,87206,2024-01-04,41555
35362,71504,2024-01-04,44303
72030,11884,2024-01-04,27779
26785,43259,2024-01-04,59106
68442,63233,2024-01-04,24102
94795,13030,2024-01-04,78699
85140,52242,2024-01-04,58289
116831,56066,2024-01-04,24000
116997,91433,2024-01-04,52303
23911,92659,2024-01-04,42664
53682,114954,2024-01-04,41564
65511,46761,2024-01-04,43807
75872,73177,2024-01-04,51351
129045,67777,2024-01-04,62881
13889,55454,2024-01-04,45569
98821,61986,2024-01-04,23523
44824,58759,2024-01-04,51729
28522,122261,2024-01-04,46197
129354,59633,2024-01-04,21321
42553,63903,2024-01-04,48612
105960,107251,2024-01-04,55044
34737,22606,2024-01-04,58897
51611,42681,2024-01-04,58015
28171,39460,2024-01-04,58830
93259,99652,2024-01-04,48607
32884,42934,2024-01-04,53622
54450,43691,2024-01-04,58888
107720,29727,2024-01-04,66956
13576,74400,2024-01-04,56472
83085,72206,2024-01-04,38246
101571,91492,2024-01-04,41213
85695,14808,2024-01-04,21589
122312,118103,2024-01-04,78043
59091,56460,2024-01-04,64448
43673,117878,2024-01-04,22084
83565,85705,2024-01-04,45780
76776,38162,2024-01-04,49631
122210,56247,2024-01-04,23411
39941,114144,2024-01-04,52482
58136,72489,2024-01-04,22158
66240,65612,2024-01-04,78054
81008,62393,2024-01-04,56531
114165,109000,2024-01-04,43208
27553,125699,2024-01-04,28619
62880,97065,2024-01-04,22187
42502,118661,2024-01-04,45750
115767,14492,2024-01-04,35801
14285,36797,2024-01-04,65821
108503,124506,2024-01-04,48578
127317,44820,2024-01-04,66022
38880,12666,2024-01-04,28866
28189,74771,2024-01-04,58762
17860,102717,2024-01-04,22016
59722,104839,2024-01-04,43879
118094,68570,2024-01-04,29354
82476,88101,2024-01-04,28600
13967,102296,2024-01-04,71753
75690,23389,2024-01-04,62556
85751,125175,2024-01-04,22096
86960,31324,2024-01-04,33666
72941,108208,2024-01-04,66166
97351,34033,2024-01-04,45973
96516,33845,2024-01-04,49746
32254,109007,2024-01-04,51649
31671,107545,2024-01-04,38238
78341,12548,2024-01-04,48561
117558,14566,2024-01-04,26736
35768,92938,2024-01-04,77013
109902,64690,2024-01-04,72704
91394,92145,2024-01-04,31898
54730,52151,2024-01-04,52717
93099,32191,2024-01-04,59561
11252,77256,2024-01-04,26822
41304,63755,2024-01-04,44475
127188,69843,2024-01-04,77703
113946,53682,2024-01-04,59175
25129,36407,2024-01-04,25275
89398,78651,2024-01-04,41855
19892,96773,2024-01-04,43862
125518,81167,2024-01-04,59630
62228,26011,2024-01-04,54873
19660,125966,2024-01-04,58734
69274,78473,2024-01-04,31469
32406,62386,2024-01-04,58216
73096,59842,2024-01-04,31496
12345,94116,2024-01-04,33052
87476,55596,2024-01-04,37062
94450,52979,2024-01-04,26288
56456,118131,2024-01-04,27728
64535,68012,2024-01-04,73338
45343,42316,2024-01-04,44098
82137,53088,2024-01-04,45738
78239,92952,2024-01-04,65811
88094,51654,2024-01-04,52073
38258,13465,2024-01-04,48845
98520,62618,2024-01-04,69658
127133,93895,2024-01-04,54562
126911,67334,2024-01-04,47349
109746,112125,2024-01-04,76190
48513,17073,2024-01-04,45138
79608,71224,2024-01-04,48409
55595,32880,2024-01-04,44686
47760,55399,2024-01-04,61242
113934,64230,2024-01-04,41084
38323,47799,2024-01-04,21387
81504,76997,2024-01-04,56351
68863,52740,2024-01-04,56328
126416,84913,2024-01-04,58741
34684,28968,2024-01-04,42043
58951,29037,2024-01-04,41413
16272,35259,2024-01-04,67728
107174,48525,2024-01-04,49588
102516,37633,2024-01-04,41992
29377,116095,2024-01-04,45942
22625,123007,2024-01-04,38142
33578,78132,2024-01-04,67351
107856,44484,2024-01-04,57859
73681,44218,2024-01-04,35883
59906,105762,2024-01-04,46235
62374,12325,2024-01-04,39992
51952,87999,2024-01-04,45016
129278,119901,2024-01-04,44565
91698,12123,2024-01-04,52181
111526,38029,2024-01-04,64375
54717,118749,2024-01-04,53477
68054,11843,2024-01-04,45242
91546,82499,2024-01-04,21014
111066,19906,2024-01-04,65040
86496,15364,2024-01-04,31270
21950,19655,2024-01-04,48497
98414,24782,2024-01-04,55779
55634,25568,2024-01-04,54220
118111,87366,2024-01-04,44659
128259,63079,2024-01-04,24700
109456,43919,2024-01-04,39030
109321,117610,2024-01-04,69617
94727,53461,2024-01-04,74651
47115,56475,2024-01-04,69878
106880,44532,2024-01-04,41199
101670,103896,2024-01-04,62750
78003,95518,2024-01-04,43441
115155,24061,2024-01-04,68869
78518,27638,2024-01-04,65779
97285,96911,2024-01-04,69320
119242,104935,2024-01-04,75361
115614,88519,2024-01-04,41179
49262,91100,2024-01-04,27568
57536,118404,2024-01-04,26370
45268,74379,2024-01-04,32852
63008,56096,2024-01-04,59259
41110,124347,2024-01-04,21141
93367,19378,2024-01-04,54354
112791,121948,2024-01-04,37188
76384,126311,2024-01-04,78323
123646,68840,2024-01-04,61664
115345,55721,2024-01-04,61760
17885,118728,2024-01-04,47505
18681,63446,2024-01-04,63446
75883,24211,2024-01-04,49556
17419,35464,2024-01-04,27469
29755,78495,2024-01-04,38170
112104,35495,2024-01-04,34971
58080,49056,2024-01-04,47893
95388,82913,2024-01-04,52058
107693,95776,2024-01-04,46382
45402,54185,2024-01-04,64887
128909,93467,2024-01-04,63316
51588,14887,2024-01-04,67742
26273,18604,2024-01-04,45609
24310,62639,2024-01-04,56196
27430,104978,2024-01-04,44401
101086,22621,2024-01-04,53673
63230,58460,2024-01-04,43035
54292,28545,2024-01-04,27060
79516,127755,2024-01-04,78016
34069,56217,2024-01-04,26446
46608,57603,2024-01-04,65897
51040,73927,2024-01-04,22905
15303,95541,2024-01-04,42697
124907,94416,2024-01-04,24814
75219,28589,2024-01-04,46695
95798,62356,2024-01-04,23430
91150,61584,2024-01-04,49214
38234,31694,2024-01-04,59726
115576,77571,2024-01-04,24033
71764,51563,2024-01-04,47621
117410,83518,2024-01-04,41787
24535,61676,2024-01-04,27573
126716,13855,2024-01-04,74394
37959,58343,2024-01-04,48264
34848,71588,2024-01-04,55081
106579,31327,2024-01-04,76713
61356,124438,2024-01-04,45295
65707,28337,2024-01-04,68754
108814,96218,2024-01-04,32674
27309,29074,2024-01-04,46648
77163,14638,2024-01-04,26124
121577,56563,2024-01-04,41652
118360,68578,2024-01-04,58818
63714,96853,2024-01-04,49734
68826,68601,2024-01-04,45548
126427,29048,2024-01-04,43691
39778,94929,2024-01-04,54682
44565,86162,2024-01-04,51164
12670,83193,2024-01-04,65248
43464,72509,2024-01-04,53235
37466,89831,2024-01-04,42953
66031,108475,2024-01-04,58035
44379,45794,2024-01-04,69359
127328,87865,2024-01-04,23556
48025,46493,2024-01-04,47171
126420,88097,2024-01-04,24410
109211,65236,2024-01-04,55388
92881,119461,2024-01-04,53771
45736,26099,2024-01-04,56111
47287,61371,2024-01-04,44312
88768,78532,2024-01-04,61053
12776,61499,2024-01-04,46718
82151,88609,2024-01-04,42800
121086,65523,2024-01-04,52868
126853,86693,2024-01-04,48006
48020,94210,2024-01-04,63096
58480,114236,2024-01-04,69383
76665,114099,2024-01-04,57501
125660,45133,2024-01-04,21447
127136,98788,2024-01-04,42929
52616,128214,2024-01-04,59852
68682,72623,2024-01-04,59667
36180,13282,2024-01-04,65447
47668,36527,2024-01-04,23275
24871,81151,2024-01-04,56345
104509,59217,2024-01-04,46253
99993,11029,2024-01-04,27845
125016,16556,2024-01-04,41326
109176,108676,2024-01-04,74493
11485,83530,2024-01-04,46414
51702,126380,2024-01-04,54837
82408,111542,2024-01-04,61550
41613,41400,2024-01-04,49003
87672,107596,2024-01-04,44180
42493,112387,2024-01-04,26028
39155,125007,2024-01-04,79702
117972,14123,2024-01-04,63316
121598,66206,2024-01-04,58753
36994,113364,2024-01-04,53728
13028,42018,2024-01-04,75144
115424,119625,2024-01-04,66863
101502,48569,2024-01-04,53072
128997,113685,2024-01-04,37237
96673,56414,2024-01-04,23356
123237,103911,2024-01-04,21244
12294,78613,2024-01-04,59362
17171,124352,2024-01-04,26076
58721,26745,2024-01-04,72535
65507,123895,2024-01-04,41190
13285,116878,2024-01-04,73108
71360,29447,2024-01-04,46275
91047,55607,2024-01-04,48547
65260,128030,2024-01-04,61748
82395,121184,2024-01-04,64733
85577,66673,2024-01-04,57838
25177,57980,2024-01-04,45964
114104,14027,2024-01-04,65241
25845,63408,2024-01-04,72041
19613,61629,2024-01-04,45310
81762,59518,2024-01-04,43473
18452,59757,2024-01-04,28720
77345,92761,2024-01-04,62121
65820,98906,2024-01-04,45130
73240,129323,2024-01-04,36582
78626,56029,2024-01-04,28664
121155,56678,2024-01-04,51358
29157,84232,2024-01-04,48986
26452,129241,2024-01-04,45706
48066,128597,2024-01-04,61501
57285,79326,2024-01-04,35770
44622,12521,2024-01-04,52043
44990,107170,2024-01-04,52644
34368,127885,2024-01-04,68764
103245,54019,2024-01-04,54696
106560,35891,2024-01-04,33110
54223,19990,2024-01-04,34762
32363,31335,2024-01-04,65622
51405,53259,2024-01-04,43133
129184,11243,2024-01-04,26212
118063,33484,2024-01-04,63905
37407,129178,2024-01-04,26715
88240,92249,2024-01-04,27879
76877,59541,2024-01-04,48161
18250,77035,2024-01-04,52227
32575,74333,2024-01-04,24846
88323,96952,2024-01-04,67972
111238,91903,2024-01-04,48495
97192,31590,2024-01-04,58889
18023,95740,2024-01-04,34339
79653,115028,2024-01-04,56366
74285,14829,2024-01-04,26572
35448,17455,2024-01-04,48779
93848,101937,2024-01-04,49393
52522,32482,2024-01-04,59359
79005,118677,2024-01-04,66380
69332,111797,2024-01-04,65302
26891,31081,2024-01-04,37392
128191,75641,2024-01-04,21550
103594,87385,2024-01-04,67025
19210,103686,2024-01-04,29324
103312,124344,2024-01-04,67734
82602,59332,2024-01-04,25324
49283,21998,2024-01-04,52796
48811,28965,2024-01-04,44791
18750,42513,2024-01-04,46394
57327,45370,2024-01-04,77550
69165,17959,2024-01-04,41282
125993,64828,2024-01-04,73612
74723,16483,2024-01-04,47158
42951,22083,2024-01-04,56762
128977,46539,2024-01-04,38029
18564,16068,2024-01-04,55309
112389,55316,2024-01-04,25322
93535,52978,2024-01-04,46601
124633,119470,2024-01-04,48218
43659,32988,2024-01-04,56868
36674,92291,2024-01-04,43131
128248,37489,2024-01-04,45986
78074,11857,2024-01-04,67995
15977,62252,2024-01-04,53545
45933,46647,2024-01-04,48589
112059,61476,2024-01-04,24903
64452,42569,2024-01-04,28377
43399,111710,2024-01-04,62239
65148,108353,2024-01-04,59504
76715,64682,2024-01-04,53663
22584,35114,2024-01-04,47475
67356,59470,2024-01-04,42136
52135,85153,2024-01-04,45934
88597,121913,2024-01-04,47326
73690,127133,2024-01-04,57192
94100,34949,2024-01-04,24883
83691,18199,2024-01-04,27223
11257,54125,2024-01-04,33199
34784,16156,2024-01-04,44265
53674,113228,2024-01-04,42275
67798,57024,2024-01-04,55738
82619,97343,2024-01-04,31919
106838,119011,2024-01-04,38061
36654,99319,2024-01-04,72332
83562,55940,2024-01-04,58850
48705,64350,2024-01-04,46186
55809,69245,2024-01-04,38470
98514,87029,2024-01-04,21508
18017,97760,2024-01-04,27450
72987,56163,2024-01-04,43576
16047,66096,2024-01-04,77697
65811,67551,2024-01-04,68170
45710,47838,2024-01-04,75274
109683,22645,2024-01-04,62554
46801,11328,2024-01-04,78739
58159,102830,2024-01-04,65872
126433,16707,2024-01-04,53157
69638,117894,2024-01-04,51312
73070,87313,2024-01-04,73085
79005,62485,2024-01-04,63599
81430,103459,2024-01-04,46474
61808,37822,2024-01-04,77410
74293,58751,2024-01-04,45803
33113,101020,2024-01-04,42277
98249,107535,2024-01-04,59812
126731,109922,2024-01-04,26624
64289,67155,2024-01-04,49347
46260,104169,2024-01-04,45432
119355,13513,2024-01-04,57261
109209,35621,2024-01-04,22142
51087,31318,2024-01-04,46433
28983,103798,2024-01-04,45028
111463,76934,2024-01-04,42279
121414,58782,2024-01-04,56530
117370,104744,2024-01-04,55878
126406,105616,2024-01-04,59302
101067,53652,2024-01-04,21175
126384,28401,2024-01-04,43009
11764,37752,2024-01-04,41608
14972,27778,2024-01-04,65542
112661,68379,2024-01-04,44772
45869,41053,2024-01-04,32340
95207,42996,2024-01-04,65553
46545,35936,2024-01-04,56989
37296,84644,2024-01-04,25829
69790,92599,2024-01-04,33921
116982,95751,2024-01-04,45778
77907,74533,2024-01-04,57041
54773,119001,2024-01-04,69490
112945,85375,2024-01-04,54193
94522,104907,2024-01-04,31677
81155,13577,2024-01-04,62738
32425,32472,2024-01-04,57381
126141,31128,2024-01-04,46462
75778,48442,2024-01-04,61532
31506,67325,2024-01-04,43913
24387,113588,2024-01-04,54284
89997,118276,2024-01-04,45056
64858,83638,2024-01-04,57816
75675,72919,2024-01-04,78175
53470,21817,2024-01-04,54733
78088,103656,2024-01-04,38805
31944,14880,2024-01-04,38442
115877,125073,2024-01-04,54362
51449,113839,2024-01-04,57707
44285,118786,2024-01-04,55744
89305,103944,2024-01-04,57532
122798,125369,2024-01-04,64510
66167,113031,2024-01-04,45965
17844,46864,2024-01-04,29511
28163,35421,2024-01-04,54121
45944,101508,2024-01-04,52430
72646,22783,2024-01-04,37940
124291,36570,2024-01-04,24491
59890,52038,2024-01-04,42064
44051,44104,2024-01-04,54352
106042,19294,2024-01-04,44943
86568,55622,2024-01-04,25546
108729,83037,2024-01-04,22065
32885,17372,2024-01-04,67375
44474,61710,2024-01-04,62965
123055,85879,2024-01-04,29176
26115,118139,2024-01-04,21882
65653,124083,2024-01-04,25933
119349,23409,2024-01-04,25390
112850,107813,2024-01-04,27637
62293,13411,2024-01-04,55834
95721,114469,2024-01-04,26245
64491,39851,2024-01-04,41319
73133,125543,2024-01-04,67906
122912,47740,2024-01-04,59397
117377,53251,2024-01-04,61161
15487,54153,2024-01-04,48050
66550,101616,2024-01-04,41571
129785,78804,2024-01-04,55661
53475,109996,2024-01-04,41376
118811,79910,2024-01-04,39971
32088,14815,2024-01-04,63896
112184,115097,2024-01-04,65957
35922,55575,2024-01-04,54694
74878,123772,2024-01-04,52459
71743,128651,2024-01-04,23460
69051,129653,2024-01-04,49235
27675,24595,2024-01-04,46021
12902,87338,2024-01-04,29816
84220,84639,2024-01-04,58848
82293,87052,2024-01-04,27614
72362,105739,2024-01-04,46937
93498,28032,2024-01-04,69556
104242,68084,2024-01-04,44017
102220,43776,2024-01-04,41104
53189,15001,2024-01-04,65758
112289,21969,2024-01-04,77882
61743,96075,2024-01-04,61648
125424,98501,2024-01-04,38255
14701,108356,2024-01-04,28330
31147,26094,2024-01-04,24847
41633,99300,2024-01-04,56968
31951,29838,2024-01-04,42082
45370,27313,2024-01-04,78406
26606,112097,2024-01-04,52261
103263,87264,2024-01-04,28418
76928,11070,2024-01-04,52645
81107,121651,2024-01-04,23264
43225,107000,2024-01-04,41178
49374,85055,2024-01-04,21908
49973,23002,2024-01-04,51252
76855,16575,2024-01-04,45683
114290,41335,2024-01-04,58668
34661,72795,2024-01-04,57265
11999,12353,2024-01-04,59740
21964,24492,2024-01-04,31589
49367,89177,2024-01-04,45846
113233,29833,2024-01-04,43880
46620,109528,2024-01-04,27199
55891,31204,2024-01-04,53558
53761,13389,2024-01-04,69617
56751,127812,2024-01-04,21861
56269,47757,2024-01-04,77696
18537,102902,2024-01-04,75075
85278,55026,2024-01-04,21855
106256,32753,2024-01-04,54233
54880,62383,2024-01-04,49508
54916,75175,2024-01-04,57621
74464,68921,2024-01-04,57675
29969,126320,2024-01-04,53195
21475,97223,2024-01-04,23979
29241,48869,2024-01-04,51654
86110,15538,2024-01-04,41342
12950,32801,2024-01-04,45239
59873,28645,2024-01-04,64838
31094,121001,2024-01-04,41803
24466,54962,2024-01-04,77148
53332,61305,2024-01-04,21155
91114,88534,2024-01-04,39229
44522,111707,2024-01-04,58426
95600,28927,2024-01-04,45905
27830,42709,2024-01-04,65499
63964,86835,2024-01-04,39516
102844,83903,2024-01-04,41493
37040,126350,2024-01-04,68908
125828,25359,2024-01-04,58354
75400,85265,2024-01-04,24836
101469,126527,2024-01-04,49445
34884,122570,2024-01-04,66349
114608,103387,2024-01-04,32288
95572,36470,2024-01-04,23168
35117,108049,2024-01-04,74425
121029,27203,2024-01-04,66899
109749,58644,2024-01-04,77177
22145,98650,2024-01-04,52168
127214,122389,2024-01-04,22534
69869,35778,2024-01-04,59839
125784,13649,2024-01-04,41422
11063,19922,2024-01-04,23890
85675,16601,2024-01-04,29040
22581,39406,2024-01-04,35863
43282,129181,2024-01-04,42983
51536,32426,2024-01-04,46347
45369,102619,2024-01-04,36242
32474,128669,2024-01-04,24236
101393,66793,2024-01-04,43519
115632,36059,2024-01-04,49772
17335,57312,2024-01-04,32034
21502,22111,2024-01-04,68056
12959,74484,2024-01-04,68439
113752,99886,2024-01-04,51810
117565,35630,2024-01-04,41866
18924,113489,2024-01-04,43019
31937,23731,2024-01-04,39644
102201,51753,2024-01-04,63324
62703,108401,2024-01-04,61439
95957,69333,2024-01-04,42950
35421,24483,2024-01-04,28290
82703,42157,2024-01-04,47252
19706,47160,2024-01-04,56163
126284,111395,2024-01-04,28862
112855,93361,2024-01-04,45646
69671,64826,2024-01-04,27191
113432,56479,2024-01-04,49806
56482,122809,2024-01-04,43602
57391,24737,2024-01-04,47648
125867,118343,2024-01-04,32474
64908,108957,2024-01-04,32620
39560,39580,2024-01-04,62524
106482,64953,2024-01-04,35873
14509,13341,2024-01-04,25263
18097,114768,2024-01-04,56515
21623,129576,2024-01-04,59856
94444,22768,2024-01-04,35103
51644,89878,2024-01-04,52573
73744,69418,2024-01-04,56255
96243,74382,2024-01-04,51654
22578,58443,2024-01-04,74904
99652,17979,2024-01-04,66192
51158,11229,2024-01-04,28588
74665,88864,2024-01-04,48906
73685,21571,2024-01-04,56497
126612,32716,2024-01-04,77367
57604,52203,2024-01-04,26735
13235,43035,2024-01-04,53570
38189,14698,2024-01-04,57996
18137,24340,2024-01-04,37500
88349,119003,2024-01-04,42675
84544,123110,2024-01-04,24905
28462,72897,2024-01-04,58802
129740,12555,2024-01-04,58562
41318,44692,2024-01-04,66660
45556,46402,2024-01-04,28343
13526,54548,2024-01-04,37624
51110,118492,2024-01-04,49571
98431,26089,2024-01-04,64238
33410,122248,2024-01-04,58443
47698,41343,2024-01-04,39037
124620,89333,2024-01-04,55752
123402,73419,2024-01-04,22776
105941,58439,2024-01-04,56201
123460,93779,2024-01-04,49119
124767,43974,2024-01-04,59412
96490,81133,2024-01-04,21921
89095,127171,2024-01-04,63472
51677,19018,2024-01-04,44945
92966,36977,2024-01-04,53819
65166,99874,2024-01-04,25603
93088,31942,2024-01-04,42148
17372,128124,2024-01-04,34826
85826,99851,2024-01-04,62340
77121,97707,2024-01-04,75568
64632,84169,2024-01-04,28089
109273,41456,2024-01-04,21596
32195,79724,2024-01-04,44290
58867,31863,2024-01-04,27876
96109,69334,2024-01-04,25119
49164,48930,2024-01-04,41670
12317,104268,2024-01-04,58921
13884,23853,2024-01-04,64651
53121,17499,2024-01-04,23106
76427,72415,2024-01-04,46804
19633,33739,2024-01-04,63699
41211,96755,2024-01-04,54119
105873,34907,2024-01-04,49059
117725,51179,2024-01-04,22417
65362,16412,2024-01-04,29579
124524,92646,2024-01-04,56679
12421,79160,2024-01-04,27191
28064,34755,2024-01-04,43440
88771,99194,2024-01-04,42997
104677,43353,2024-01-04,61603
28913,116287,2024-01-04,52655
111743,15921,2024-01-04,42678
118083,51488,2024-01-04,71476
93646,129770,2024-01-04,39450
47753,41856,2024-01-04,54324
91417,21085,2024-01-04,55033
64568,19960,2024-01-04,62490
36986,121285,2024-01-04,49892
93452,54959,2024-01-04,62799
64676,24691,2024-01-04,71302
96807,106094,2024-01-04,48364
13378,128310,2024-01-04,48508
82827,46805,2024-01-04,61131
24515,36822,2024-01-04,51027
38754,18804,2024-01-04,29824
99138,54243,2024-01-04,54042
107474,31705,2024-01-04,79536
99606,49478,2024-01-04,46662
114833,65233,2024-01-04,64594
84710,87973,2024-01-04,65123
51300,107350,2024-01-04,42285
126898,38904,2024-01-04,52378
33877,73535,2024-01-04,43689
99494,108651,2024-01-04,46388
68847,98554,2024-01-04,43465
116213,102515,2024-01-04,43981
49050,99917,2024-01-04,24386
26503,41555,2024-01-04,48328
67821,89582,2024-01-04,21198
95298,127517,2024-01-04,52127
62979,113952,2024-01-04,54282
73602,116085,2024-01-04,66762
128484,23588,2024-01-04,58135
115079,43923,2024-01-04,58385
18309,102170,2024-01-04,47861
37910,116931,2024-01-04,66056
77565,91630,2024-01-04,24538
83744,112558,2024-01-04,53930
103058,122987,2024-01-04,57093
105167,92948,2024-01-04,55561
37095,19191,2024-01-04,47749
54662,43892,2024-01-04,43510
44419,52302,2024-01-04,51156
118351,51388,2024-01-04,41466
108408,79251,2024-01-04,46744
43022,99204,2024-01-04,22951
71468,113105,2024-01-04,48938
57977,97107,2024-01-04,54307
88690,127785,2024-01-04,43509
83628,123320,2024-01-04,59158
126033,27445,2024-01-04,22599
56394,45785,2024-01-04,44982
19598,103471,2024-01-04,41307
34137,126437,2024-01-04,58397
85553,76430,2024-01-04,55807
55160,83002,2024-01-04,21642
87946,57935,2024-01-04,45138
62311,15192,2024-01-04,41057
72992,113251,2024-01-04,76861
56119,47773,2024-01-04,27221
37838,14932,2024-01-04,49676
96862,121993,2024-01-04,55970
73541,48301,2024-01-04,24965
65694,23103,2024-01-04,53779
124335,126304,2024-01-04,31913
13071,21757,2024-01-04,53359
94249,91709,2024-01-04,56632
55184,48061,2024-01-04,77070
14055,89725,2024-01-04,54033
17618,52106,2024-01-04,65728
85383,21357,2024-01-04,63212
85713,112332,2024-01-04,23641
57362,33268,2024-01-04,55959
53703,46814,2024-01-04,56044
11312,126343,2024-01-04,63162
91273,108299,2024-01-04,69080
113981,42890,2024-01-04,21809
71324,27101,2024-01-04,29283
63156,19449,2024-01-04,49860
126693,26809,2024-01-04,26963
67190,19818,2024-01-04,49233
88761,104237,2024-01-04,41101
95207,63516,2024-01-04,75987
111076,95848,2024-01-04,45294
71762,32289,2024-01-04,57204
105218,107869,2024-01-04,57374
77518,46375,2024-01-04,42580
94182,75007,2024-01-04,27096
54712,61349,2024-01-04,63175
24638,63143,2024-01-04,21101
26916,117709,2024-01-04,28506
88382,92986,2024-01-04,71857
27196,49919,2024-01-04,22755
28047,34371,2024-01-04,26751
96000,49121,2024-01-04,61711
14248,33161,2024-01-04,46102
53782,42546,2024-01-04,21338
11216,21810,2024-01-04,59049
34805,71001,2024-01-04,48739
12492,115920,2024-01-04,37805
41202,83285,2024-01-04,66936
116218,123198,2024-01-04,43056
109268,48279,2024-01-04,29029
109336,55666,2024-01-04,65319
59933,96916,2024-01-04,55321
101744,101287,2024-01-04,77957
127292,98019,2024-01-04,54723
49532,45811,2024-01-04,26290
112722,12956,2024-01-04,24941
47191,71454,2024-01-04,42710
126282,11013,2024-01-04,33259
125099,12624,2024-01-04,67248
15850,41781,2024-01-04,66409
111373,59905,2024-01-04,76808
42144,27756,2024-01-04,46238
85333,85969,2024-01-04,37278
75644,125139,2024-01-04,66458
95204,77153,2024-01-04,58944
17131,46310,2024-01-04,23400
68772,64221,2024-01-04,21919
65872,128177,2024-01-04,43390
91830,26108,2024-01-04,25365
81937,98770,2024-01-04,67626
36247,49312,2024-01-04,53282
73688,22215,2024-01-04,27976
118215,126314,2024-01-04,58885
66858,42843,2024-01-04,41649
102861,104951,2024-01-04,64866
111019,36815,2024-01-04,63776
59981,61474,2024-01-04,52829
125323,126219,2024-01-04,43971
85991,33902,2024-01-04,63069
39230,18856,2024-01-04,58381
49619,15431,2024-01-04,44671
116845,73549,2024-01-04,58954
47855,75684,2024-01-04,45931
49018,89078,2024-01-04,58419
88009,84642,2024-01-04,63870
23898,43745,2024-01-04,49789
57307,115123,2024-01-04,69575
71729,71144,2024-01-04,54643
117888,65235,2024-01-04,52166
57439,104944,2024-01-04,54608
26819,103780,2024-01-04,47850
53726,97561,2024-01-04,57983
37828,62611,2024-01-04,76629
111073,126892,2024-01-04,54003
111470,111780,2024-01-04,46654
98677,76146,2024-01-04,25997
122352,19412,2024-01-04,53266
45437,66206,2024-01-04,28287
115906,104231,2024-01-04,42195
75914,72737,2024-01-04,61579
35013,124218,2024-01-04,25092
23451,22800,2024-01-04,48622
48385,75413,2024-01-04,64587
41264,25060,2024-01-04,22239
99468,81129,2024-01-04,37009
123419,41376,2024-01-04,71461
23967,67999,2024-01-04,62517
108121,25753,2024-01-04,52936
68846,65888,2024-01-04,23908
119629,69991,2024-01-04,69601
21018,114971,2024-01-04,41734
128047,32878,2024-01-04,57636
52497,103199,2024-01-04,77175
22560,113242,2024-01-04,52431
81690,79049,2024-01-04,41681
98906,36886,2024-01-04,25285
13054,117866,2024-01-04,61553
39132,84092,2024-01-04,52526
54878,105369,2024-01-04,28013
37440,58314,2024-01-04,63667
103846,65267,2024-01-04,24066
109644,82279,2024-01-04,31258
119480,108006,2024-01-04,37906
18955,86197,2024-01-04,77432
35809,61499,2024-01-04,43030
106132,125763,2024-01-04,26074
17589,104796,2024-01-04,48796
53605,126384,2024-01-04,31236
29648,81843,2024-01-04,29993
75535,41709,2024-01-04,53752
69193,24487,2024-01-04,45851
121894,125273,2024-01-04,59561
91040,127709,2024-01-04,25813
51146,42566,2024-01-04,41980
42063,18363,2024-01-04,69344
117693,63826,2024-01-04,23102
48062,59565,2024-01-04,71683
26924,23533,2024-01-04,43609
76657,15761,2024-01-04,32887
111643,106148,2024-01-04,76564
53360,46550,2024-01-04,39943
61522,102288,2024-01-04,48070
12263,107907,2024-01-04,43890
32413,115263,2024-01-04,47165
25533,91258,2024-01-04,46511
78179,47636,2024-01-04,34981
73131,81846,2024-01-04,22944
63211,12692,2024-01-04,71308
65644,22702,2024-01-04,22925
101220,78125,2024-01-04,43367
62541,72068,2024-01-04,45815
128822,62104,2024-01-04,69948
84420,48504,2024-01-04,51843
77145,46236,2024-01-04,43138
18118,72069,2024-01-04,74022
63758,79637,2024-01-04,21598
82524,101567,2024-01-04,77902
14685,34458,2024-01-04,63085
53696,113705,2024-01-04,55321
29129,105149,2024-01-04,43607
97272,129695,2024-01-04,45105
96293,124349,2024-01-04,38985
44120,16346,2024-01-04,22668
24805,38141,2024-01-04,23359
72029,129870,2024-01-04,72948
94062,22239,2024-01-04,65125
18157,27379,2024-01-04,57248
16585,21730,2024-01-04,57558
78925,69339,2024-01-04,73727
117653,52585,2024-01-04,22498
98904,102169,2024-01-04,54594
68769,39076,2024-01-04,59307
113927,54661,2024-01-04,67048
121301,98440,2024-01-04,43894
12110,22418,2024-01-04,66428
105968,19042,2024-01-04,42865
105707,49756,2024-01-04,25270
106125,37303,2024-01-04,25935
11332,11326,2024-01-04,24663
83411,53256,2024-01-04,57704
54011,109181,2024-01-04,28621
115179,64523,2024-01-04,62898
125975,113740,2024-01-04,22968
57017,11439,2024-01-04,55961
26816,34301,2024-01-04,45834
26389,88655,2024-01-04,51057
67319,113138,2024-01-04,77107
58825,18159,2024-01-04,25667
69879,27656,2024-01-04,56943
69518,69760,2024-01-04,41467
112018,118953,2024-01-04,53403
89916,108574,2024-01-04,78892
121258,124846,2024-01-04,57342
56104,74542,2024-01-04,29994
96604,58669,2024-01-04,66408
47962,67555,2024-01-04,22900
13068,126471,2024-01-04,52374
118572,104160,2024-01-04,47957
128375,109280,2024-01-04,29699
18282,64266,2024-01-04,22457
19523,122560,2024-01-04,52856
94929,99848,2024-01-04,48875
58413,128922,2024-01-04,55501
19737,84504,2024-01-04,47362
41790,18356,2024-01-04,45869
94316,38993,2024-01-04,41450
48975,27263,2024-01-04,77822
42797,85722,2024-01-04,39531
46845,24226,2024-01-04,41117
123962,54769,2024-01-04,56134
67424,45680,2024-01-04,49075
15345,62126,2024-01-04,53676
102106,94622,2024-01-04,62754
24982,98022,2024-01-04,49434
57953,95230,2024-01-04,49127
78099,49106,2024-01-04,76503
44058,73817,2024-01-04,52744
91932,15665,2024-01-04,26259
14332,98118,2024-01-04,78923
109977,87439,2024-01-04,64945
88965,57182,2024-01-04,64925
118728,91285,2024-01-04,44875
74446,46973,2024-01-04,46211
114547,76040,2024-01-04,52727
86927,64713,2024-01-04,28670
49253,114423,2024-01-04,57559
37864,85034,2024-01-04,72446
11156,64528,2024-01-04,32552
98571,49033,2024-01-04,25429
21873,101839,2024-01-04,24620
38978,94822,2024-01-04,43910
39234,61764,2024-01-04,61914
101753,113974,2024-01-04,46984
112023,57539,2024-01-04,61542
107040,37074,2024-01-04,55786
84025,79822,2024-01-04,38418
95537,14631,2024-01-04,65368
31879,37732,2024-01-04,24580
62583,124759,2024-01-04,48730
85599,123830,2024-01-04,55404
83877,106945,2024-01-04,21696
79987,73479,2024-01-04,46422
96486,117672,2024-01-04,72368
59363,111017,2024-01-04,76027
34950,126484,2024-01-04,75233
112699,118751,2024-01-04,45499
81520,112919,2024-01-04,34969
59870,21927,2024-01-04,54991
42920,11884,2024-01-04,75377
81083,112864,2024-01-04,44271
23995,75649,2024-01-04,51596
21250,114137,2024-01-04,42879
59725,18097,2024-01-04,63987
122621,11199,2024-01-04,21387
89447,98453,2024-01-04,54930
115140,16097,2024-01-04,26618
86800,109423,2024-01-04,32253
77109,82709,2024-01-04,51231
41925,112015,2024-01-04,28194
52603,36862,2024-01-04,42557
58787,118412,2024-01-04,68499
63206,49152,2024-01-04,48798
13338,69753,2024-01-04,57415
84923,88973,2024-01-04,52881
118032,101335,2024-01-04,73933
59806,31671,2024-01-04,51911
73699,36977,2024-01-04,32374
114144,24518,2024-01-04,55468
69443,35935,2024-01-04,73740
111863,16522,2024-01-04,48958
85179,74904,2024-01-04,58469
65936,77560,2024-01-04,36084
74906,15465,2024-01-04,78778
27202,46731,2024-01-04,74575
98029,87670,2024-01-04,22545
28728,96954,2024-01-04,49466
127892,91354,2024-01-04,46820
71322,116423,2024-01-04,62396
19390,104345,2024-01-04,43153
37078,52923,2024-01-04,43998
33242,61110,2024-01-04,58694
91520,113457,2024-01-04,58536
79031,127842,2024-01-04,26830
15827,74728,2024-01-04,35863
45496,107440,2024-01-04,54507
39603,17367,2024-01-04,71582
121085,15520,2024-01-04,52859
55593,118772,2024-01-04,44833
94466,52095,2024-01-04,47931
17871,26399,2024-01-04,37102
75128,66253,2024-01-04,28832
15140,95074,2024-01-04,29036
29208,96172,2024-01-04,73429
75027,35064,2024-01-04,69382
91379,74944,2024-01-04,78416
22253,23288,2024-01-04,62973
31321,27924,2024-01-04,74876
102893,48238,2024-01-04,55226
68561,23534,2024-01-04,62051
24817,93650,2024-01-04,58955
124846,65242,2024-01-04,45793
58548,104094,2024-01-04,48162
52404,21274,2024-01-04,78680
39828,43083,2024-01-04,43657
95227,31717,2024-01-04,47898
107058,113928,2024-01-04,48127
38141,19263,2024-01-04,49463
52841,17625,2024-01-04,52105
116151,61455,2024-01-04,77922
33038,88293,2024-01-04,51847
21321,75304,2024-01-04,41127
73343,16097,2024-01-04,22421
13626,17391,2024-01-04,47736
113154,75739,2024-01-04,24212
42129,76860,2024-01-04,45426
113090,129606,2024-01-04,29462
74171,39569,2024-01-04,52374
102816,17550,2024-01-04,62765
65481,29882,2024-01-04,24997
72996,85244,2024-01-04,47627
112974,51130,2024-01-04,37565
109137,112481,2024-01-04,45439
42111,76611,2024-01-04,49459
54124,23612,2024-01-04,48334
24351,94089,2024-01-04,28931
118096,28985,2024-01-04,26914
51001,82986,2024-01-04,36472
89297,99690,2024-01-04,68842
23911,51922,2024-01-04,77457
49654,59225,2024-01-04,62579
75069,49942,2024-01-04,31614
94076,94627,2024-01-04,66078
121810,18525,2024-01-04,28745
71231,72955,2024-01-04,23560
115014,104712,2024-01-04,28156
41470,59907,2024-01-04,69522
96920,89649,2024-01-04,39488
125483,19778,2024-01-04,26791
106608,32527,2024-01-04,59743
62725,118780,2024-01-04,73282
88248,87216,2024-01-04,49520
71495,24527,2024-01-04,44653
67522,55737,2024-01-04,51516
117988,81670,2024-01-04,58533
19900,62491,2024-01-04,43558
128561,95570,2024-01-04,42577
21204,21356,2024-01-04,42496
46936,24473,2024-01-04,54550
13293,85670,2024-01-04,62732
126090,73303,2024-01-04,57856
14520,17231,2024-01-04,61246
65629,65308,2024-01-04,66047
85265,46070,2024-01-04,48385
118704,122249,2024-01-04,44909
115951,14016,2024-01-04,46239
105164,81549,2024-01-04,22648
45434,78134,2024-01-04,47467
81777,114660,2024-01-04,37401
19859,94755,2024-01-04,56871
36498,15900,2024-01-04,32220
76287,13806,2024-01-04,28977
21302,126170,2024-01-04,74745
22810,48156,2024-01-04,45576
38070,81540,2024-01-04,43727
75363,59950,2024-01-04,64379
11629,83605,2024-01-04,58975
95703,29658,2024-01-04,28840
76862,59839,2024-01-04,23287
16750,14167,2024-01-04,63933
43715,98742,2024-01-04,39500
54537,42543,2024-01-04,43198
61655,96274,2024-01-04,23930
66332,59833,2024-01-04,79625
119866,53147,2024-01-04,63147
26496,71476,2024-01-04,71411
87578,97261,2024-01-04,29385
72370,39171,2024-01-04,47480
79274,32531,2024-01-04,35387
73450,118111,2024-01-04,61165
77926,24120,2024-01-04,74810
47693,23692,2024-01-04,53999
12008,37267,2024-01-04,35256
17452,96388,2024-01-04,57782
54597,94172,2024-01-04,63253
87671,91274,2024-01-04,43700
37555,35034,2024-01-04,69351
72684,52879,2024-01-04,64508
32211,122558,2024-01-04,68784
49765,117416,2024-01-04,26061
57422,127371,2024-01-04,44918
81833,91805,2024-01-04,67754
89244,124696,2024-01-04,46266
101410,64513,2024-01-04,52786
104572,39676,2024-01-04,24247
53470,87236,2024-01-04,74915
71032,127163,2024-01-04,22542
53221,88269,2024-01-04,44249
74095,97689,2024-01-04,57048
123574,68126,2024-01-04,43786
108164,43131,2024-01-04,47313
55354,48855,2024-01-04,53960
71340,17945,2024-01-04,44271
61019,95212,2024-01-04,27079
109794,29349,2024-01-04,46968
32491,121290,2024-01-04,64023
118904,54426,2024-01-04,69479
78325,78681,2024-01-04,22178
96156,68114,2024-01-04,22064
57993,35596,2024-01-04,38676
75164,94792,2024-01-04,21143
19069,34495,2024-01-04,26267
121383,77406,2024-01-04,54332
94113,44258,2024-01-04,28966
14481,34773,2024-01-04,54041
116349,95095,2024-01-04,71605
119593,12417,2024-01-04,43296
122596,66903,2024-01-04,48226
16022,112982,2024-01-04,47332
64054,97387,2024-01-04,71569
101856,111869,2024-01-04,54867
63757,23393,2024-01-04,25862
125540,73962,2024-01-04,45176
49896,105618,2024-01-04,64379
59529,73149,2024-01-04,51799
26561,65078,2024-01-04,27047
102996,122625,2024-01-04,76869
124610,54540,2024-01-04,51833
107693,99594,2024-01-04,42530
23316,39183,2024-01-04,31987
67472,63360,2024-01-04,35391
79576,92656,2024-01-04,56822
66996,22607,2024-01-04,53379
44752,63318,2024-01-04,63688
11338,29323,2024-01-04,48250
37288,52230,2024-01-04,59495
104814,44251,2024-01-04,55716
87954,14468,2024-01-04,48784
71185,96046,2024-01-04,57003
13910,62643,2024-01-04,65989
17683,109613,2024-01-04,54194
74946,31142,2024-01-04,21412
46390,83628,2024-01-04,49234
128330,24371,2024-01-04,54656
87827,95420,2024-01-04,73677
98001,91273,2024-01-04,54878
65130,95847,2024-01-04,49393
125640,102110,2024-01-04,35750
83781,112098,2024-01-04,79079
91025,16309,2024-01-04,58973
51025,48572,2024-01-04,51901
111765,108464,2024-01-04,67294
62030,55145,2024-01-04,32766
115945,52090,2024-01-04,25586
128646,11452,2024-01-04,26869
68917,25553,2024-01-04,44823
103379,18987,2024-01-04,56109
119411,99556,2024-01-04,26664
43298,112532,2024-01-04,35763
85724,14217,2024-01-04,48019
61627,44672,2024-01-04,49553
21438,28657,2024-01-04,54030
114500,56141,2024-01-04,61460
82181,15928,2024-01-04,55254
44696,33386,2024-01-04,27665
14656,54082,2024-01-04,24670
91039,49167,2024-01-04,27255
29445,38808,2024-01-04,53878
87481,94506,2024-01-04,74246
19788,54941,2024-01-04,62766
37119,127009,2024-01-04,58115
121294,92521,2024-01-04,73820
51926,48483,2024-01-04,58766
12257,112663,2024-01-04,66857
48913,56650,2024-01-04,66699
25831,86943,2024-01-04,34648
95554,85727,2024-01-04,58491
35281,105258,2024-01-04,45430
107691,75968,2024-01-04,27630
102276,46413,2024-01-04,53542
74664,101185,2024-01-04,56812
71279,114853,2024-01-04,72121
64724,96957,2024-01-04,62800
36295,76188,2024-01-04,59490
107002,109450,2024-01-04,61520
115661,59140,2024-01-04,59783
41803,122012,2024-01-04,53740
104328,81441,2024-01-04,43423
65259,44305,2024-01-04,23102
71185,106656,2024-01-04,28784
21296,16863,2024-01-04,65086
129411,36048,2024-01-04,39125
66462,114898,2024-01-04,47517
44532,116619,2024-01-04,31554
86044,56130,2024-01-04,43797
114003,83619,2024-01-04,52683
28784,107479,2024-01-04,21123
34147,119174,2024-01-04,26360
114431,99365,2024-01-04,47785
64602,106551,2024-01-04,41403
56129,23397,2024-01-04,59670
68159,39535,2024-01-04,22896
54607,19225,2024-01-04,58213
119643,68272,2024-01-04,26915
78129,26504,2024-01-04,41813
18436,27007,2024-01-04,24263
71309,64496,2024-01-04,51565
49269,65007,2024-01-04,53024
85876,43468,2024-01-04,48547
71454,51767,2024-01-04,66918
62465,124550,2024-01-04,24630
91175,111343,2024-01-04,47392
49325,48433,2024-01-04,54480
109004,21276,2024-01-04,43604
11593,75725,2024-01-04,23320
26466,58295,2024-01-04,28765
48357,33636,2024-01-04,31973
62373,34062,2024-01-04,44136
33527,122084,2024-01-04,52857
42125,58446,2024-01-04,47483
58548,63914,2024-01-04,46136
21952,99987,2024-01-04,44485
121740,51134,2024-01-04,47472
78660,46229,2024-01-04,41438
87030,112961,2024-01-04,26000
116867,14214,2024-01-04,65744
101155,31271,2024-01-04,58737
49948,94022,2024-01-04,32362
88650,64109,2024-01-04,57282
108007,76924,2024-01-04,73848
48789,105206,2024-01-04,47904
18710,14866,2024-01-04,66625
73520,29122,2024-01-04,52945
129122,65239,2024-01-04,58590
31183,64487,2024-01-04,64413
72732,69232,2024-01-04,23351
22738,14653,2024-01-04,76695
11806,68036,2024-01-04,57020
127393,48066,2024-01-04,54786
82951,91818,2024-01-04,27737
24677,49953,2024-01-04,66219
77466,84758,2024-01-04,56171
85739,61283,2024-01-04,75965
94658,59295,2024-01-04,25834
79433,82218,2024-01-04,28202
93319,103285,2024-01-04,21495
64458,104474,2024-01-04,48364
32688,103535,2024-01-04,42601
84026,15942,2024-01-04,43838
126707,31559,2024-01-04,48732
76230,41859,2024-01-04,56367
97160,108251,2024-01-04,48626
114654,108725,2024-01-04,23368
67607,102850,2024-01-04,62177
12803,23533,2024-01-04,52628
11451,19173,2024-01-04,48627
108971,45225,2024-01-04,47911
92406,59680,2024-01-04,63213
109673,79433,2024-01-04,51695
102066,49305,2024-01-04,67555
34811,89563,2024-01-04,37166
85098,94659,2024-01-04,68627
15235,78871,2024-01-04,58393
57400,104876,2024-01-04,63902
46637,67960,2024-01-04,23762
21318,23476,2024-01-04,74677
57158,11382,2024-01-04,47258
33875,77085,2024-01-04,53455
13619,128005,2024-01-04,52972
98477,78452,2024-01-04,71897
16455,107606,2024-01-04,24635
19440,101765,2024-01-04,46424
83626,21627,2024-01-04,42485
76698,39613,2024-01-04,57821
69129,66041,2024-01-04,64318
109931,112957,2024-01-04,26087
91332,114988,2024-01-04,61011
67300,97120,2024-01-04,72904
15565,29140,2024-01-04,22029
91207,107107,2024-01-04,78288
39374,49913,2024-01-04,59074
21078,45188,2024-01-04,25693
33560,119077,2024-01-04,54681
44607,56463,2024-01-04,26687
35917,27310,2024-01-04,21969
126019,66543,2024-01-04,42943
86826,44860,2024-01-04,22926
63634,23577,2024-01-04,43687
98192,124288,2024-01-04,26952
77039,95127,2024-01-04,23004
74051,29618,2024-01-04,31202
21356,77317,2024-01-04,22308
62843,19615,2024-01-04,59800
69378,55038,2024-01-04,59959
51420,39969,2024-01-04,28055
103512,35231,2024-01-04,72233
25929,75196,2024-01-04,58548
26523,95243,2024-01-04,56688
66670,44471,2024-01-04,48464
59984,104598,2024-01-04,54857
26317,56635,2024-01-04,49614
31442,63523,2024-01-04,27178
15721,14429,2024-01-04,31459
117328,92569,2024-01-04,76515
93704,19948,2024-01-04,68195
103078,51325,2024-01-04,52111
41887,113275,2024-01-04,77749
36928,66342,2024-01-04,48493
16963,28771,2024-01-04,41313
67256,88724,2024-01-04,63588
43931,58734,2024-01-04,55625
48783,96204,2024-01-04,49700
28086,27285,2024-01-04,47233
72981,126415,2024-01-04,54493
111425,34571,2024-01-04,26548
93371,121261,2024-01-04,54054
68524,115358,2024-01-04,55438
73960,118512,2024-01-04,56073
53051,118450,2024-01-04,69157
24630,52645,2024-01-04,37876
33071,51499,2024-01-04,66307
61849,82140,2024-01-04,65002
68384,113053,2024-01-04,48015
129895,52487,2024-01-04,29240
95412,34330,2024-01-04,55781
84950,113112,2024-01-04,63721
47280,58778,2024-01-04,29119
11512,62541,2024-01-04,64923
103572,93783,2024-01-04,56979
79635,33075,2024-01-04,73539
121437,32188,2024-01-04,23111
25490,47561,2024-01-04,43069
122459,125320,2024-01-04,35186
45508,32183,2024-01-04,56169
108496,121334,2024-01-04,74448
108820,77873,2024-01-04,45131
124288,51408,2024-01-04,52086
37557,79360,2024-01-04,49560
12019,107730,2024-01-04,58853
43603,11674,2024-01-04,54971
15494,44194,2024-01-04,79276
112762,33201,2024-01-04,79258
38464,118543,2024-01-04,45622
42261,83078,2024-01-04,67856
27617,122606,2024-01-04,79684
105986,102372,2024-01-04,64094
125302,67021,2024-01-04,45445
13454,34157,2024-01-04,41050
106305,27909,2024-01-04,58681
71212,74485,2024-01-04,45196
111245,95362,2024-01-04,52964
113730,33775,2024-01-04,49701
98906,46284,2024-01-04,32728
61373,35221,2024-01-04,28415
45793,121503,2024-01-04,71546
